"","testfull.df.X","yield"
"1","2013-11-24 00:00:00",0
"2","2013-11-24 02:00:00",0
"3","2013-11-24 04:00:00",0
"4","2013-11-24 06:00:00",0
"5","2013-11-24 08:00:00",0
"6","2013-11-24 10:00:00",0
"7","2013-11-24 12:00:00",0
"8","2013-11-24 14:00:00",0
"9","2013-11-24 16:00:00",0
"10","2013-11-24 18:00:00",0
"11","2013-11-24 20:00:00",0
"12","2013-11-24 22:00:00",0
"13","2013-11-25 00:00:00",0
"14","2013-11-25 02:00:00",0
"15","2013-11-25 04:00:00",0
"16","2013-11-25 06:00:00",0
"17","2013-11-25 08:00:00",0
"18","2013-11-25 10:00:00",0
"19","2013-11-25 12:00:00",0
"20","2013-11-25 14:00:00",0
"21","2013-11-25 16:00:00",0
"22","2013-11-25 18:00:00",0
"23","2013-11-25 20:00:00",0
"24","2013-11-25 22:00:00",0
"25","2013-11-26 00:00:00",0
"26","2013-11-26 02:00:00",0
"27","2013-11-26 04:00:00",0
"28","2013-11-26 06:00:00",0
"29","2013-11-26 08:00:00",0
"30","2013-11-26 10:00:00",0
"31","2013-11-26 12:00:00",0
"32","2013-11-26 14:00:00",0
"33","2013-11-26 16:00:00",0
"34","2013-11-26 18:00:00",0
"35","2013-11-26 20:00:00",0
"36","2013-11-26 22:00:00",0
"37","2013-11-27 00:00:00",0
"38","2013-11-27 02:00:00",0
"39","2013-11-27 04:00:00",0
"40","2013-11-27 06:00:00",0
"41","2013-11-27 08:00:00",0
"42","2013-11-27 10:00:00",0
"43","2013-11-27 12:00:00",0
"44","2013-11-27 14:00:00",0
"45","2013-11-27 16:00:00",0
"46","2013-11-27 18:00:00",0
"47","2013-11-27 20:00:00",0
"48","2013-11-27 22:00:00",0
"49","2013-12-14 00:00:00",0
"50","2013-12-14 02:00:00",0.0027173912525177
"51","2013-12-14 04:00:00",0.0027173912525177
"52","2013-12-14 06:00:00",0.00020903009455651
"53","2013-12-14 08:00:00",0.000487736887298524
"54","2013-12-14 10:00:00",0
"55","2013-12-14 12:00:00",0.000696767009794712
"56","2013-12-14 14:00:00",0
"57","2013-12-14 16:00:00",0
"58","2013-12-14 18:00:00",0.000348383490927517
"59","2013-12-14 20:00:00",0
"60","2013-12-14 22:00:00",0
"61","2013-12-15 00:00:00",0.000209030099213123
"62","2013-12-15 02:00:00",0.0137959864223376
"63","2013-12-15 04:00:00",0.000418060198426247
"64","2013-12-15 06:00:00",0
"65","2013-12-15 08:00:00",0.000418060198426247
"66","2013-12-15 10:00:00",0.000278706792742014
"67","2013-12-15 12:00:00",0
"68","2013-12-15 14:00:00",0
"69","2013-12-15 16:00:00",0
"70","2013-12-15 18:00:00",0
"71","2013-12-15 20:00:00",0
"72","2013-12-15 22:00:00",0
"73","2013-12-16 00:00:00",0.000487736910581589
"74","2013-12-16 02:00:00",0.180962003832683
"75","2013-12-16 04:00:00",2.51344758517109
"76","2013-12-16 06:00:00",2.07483278390486
"77","2013-12-16 08:00:00",0.234994018604048
"78","2013-12-16 10:00:00",4.11690586787649
"79","2013-12-16 12:00:00",5.41387845552061
"80","2013-12-16 14:00:00",3.67784983235877
"81","2013-12-16 16:00:00",6.2047450329084
"82","2013-12-16 18:00:00",1.61629042948131
"83","2013-12-16 20:00:00",1.20993589815684
"84","2013-12-16 22:00:00",1.09740801475476
"85","2013-12-17 00:00:00",0.967112590358593
"86","2013-12-17 02:00:00",0.318213483789004
"87","2013-12-17 04:00:00",0.156981602953747
"88","2013-12-17 06:00:00",0.159350611018017
"89","2013-12-17 08:00:00",0.10932274164632
"90","2013-12-17 10:00:00",0.000348383486270905
"91","2013-12-17 12:00:00",0.000696766977198422
"92","2013-12-17 14:00:00",0.00808249716646969
"93","2013-12-17 16:00:00",0.174609811287373
"94","2013-12-17 18:00:00",0.0670289857732132
"95","2013-12-17 20:00:00",0.27243589789141
"96","2013-12-17 22:00:00",0.341346151996404
"97","2014-01-03 00:00:00",0
"98","2014-01-03 02:00:00",0
"99","2014-01-03 04:00:00",0.00613154947757721
"100","2014-01-03 06:00:00",0.000278706792742014
"101","2014-01-03 08:00:00",0
"102","2014-01-03 10:00:00",0.000278706792742014
"103","2014-01-03 12:00:00",0
"104","2014-01-03 14:00:00",0
"105","2014-01-03 16:00:00",0
"106","2014-01-03 18:00:00",0.0183946484327316
"107","2014-01-03 20:00:00",0.00623606488108635
"108","2014-01-03 22:00:00",0.00411092525813729
"109","2014-01-04 00:00:00",0.000696766972541809
"110","2014-01-04 02:00:00",0.000209030099213123
"111","2014-01-04 04:00:00",0
"112","2014-01-04 06:00:00",0
"113","2014-01-04 08:00:00",0
"114","2014-01-04 10:00:00",0.00229933101683855
"115","2014-01-04 12:00:00",0.00146321065723896
"116","2014-01-04 14:00:00",0.00724637677427381
"117","2014-01-04 16:00:00",1.71355907933321
"118","2014-01-04 18:00:00",15.2905134618282
"119","2014-01-04 20:00:00",3.84483001169749
"120","2014-01-04 22:00:00",0.000592251941561699
"121","2014-01-05 00:00:00",0
"122","2014-01-05 02:00:00",0.000139353396371007
"123","2014-01-05 04:00:00",0
"124","2014-01-05 06:00:00",0
"125","2014-01-05 08:00:00",0.0027173912525177
"126","2014-01-05 10:00:00",0.000418060189113021
"127","2014-01-05 12:00:00",0
"128","2014-01-05 14:00:00",0
"129","2014-01-05 16:00:00",0.00257803793996573
"130","2014-01-05 18:00:00",0.0015328873693943
"131","2014-01-05 20:00:00",0.00160256416071206
"132","2014-01-05 22:00:00",0.000766443684697151
"133","2014-01-06 00:00:00",0.000766443684697151
"134","2014-01-06 02:00:00",0.000766443684697151
"135","2014-01-06 04:00:00",0
"136","2014-01-06 06:00:00",0
"137","2014-01-06 08:00:00",0
"138","2014-01-06 10:00:00",0
"139","2014-01-06 12:00:00",0
"140","2014-01-06 14:00:00",0
"141","2014-01-06 16:00:00",0.000766443670727313
"142","2014-01-06 18:00:00",0
"143","2014-01-06 20:00:00",0.000696766972541809
"144","2014-01-06 22:00:00",0.00104515047278255
"145","2014-01-23 00:00:00",0
"146","2014-01-23 02:00:00",0
"147","2014-01-23 04:00:00",0
"148","2014-01-23 06:00:00",0
"149","2014-01-23 08:00:00",0
"150","2014-01-23 10:00:00",0
"151","2014-01-23 12:00:00",0
"152","2014-01-23 14:00:00",0
"153","2014-01-23 16:00:00",0
"154","2014-01-23 18:00:00",0
"155","2014-01-23 20:00:00",0
"156","2014-01-23 22:00:00",0
"157","2014-01-24 00:00:00",0
"158","2014-01-24 02:00:00",0
"159","2014-01-24 04:00:00",0
"160","2014-01-24 06:00:00",0
"161","2014-01-24 08:00:00",0
"162","2014-01-24 10:00:00",0
"163","2014-01-24 12:00:00",0
"164","2014-01-24 14:00:00",0
"165","2014-01-24 16:00:00",0
"166","2014-01-24 18:00:00",0
"167","2014-01-24 20:00:00",0
"168","2014-01-24 22:00:00",0
"169","2014-01-25 00:00:00",0
"170","2014-01-25 02:00:00",0
"171","2014-01-25 04:00:00",0
"172","2014-01-25 06:00:00",0
"173","2014-01-25 08:00:00",0
"174","2014-01-25 10:00:00",0
"175","2014-01-25 12:00:00",0
"176","2014-01-25 14:00:00",0
"177","2014-01-25 16:00:00",0
"178","2014-01-25 18:00:00",0
"179","2014-01-25 20:00:00",0
"180","2014-01-25 22:00:00",0
"181","2014-01-26 00:00:00",0
"182","2014-01-26 02:00:00",0
"183","2014-01-26 04:00:00",0
"184","2014-01-26 06:00:00",0
"185","2014-01-26 08:00:00",0
"186","2014-01-26 10:00:00",0
"187","2014-01-26 12:00:00",0
"188","2014-01-26 14:00:00",0
"189","2014-01-26 16:00:00",0
"190","2014-01-26 18:00:00",0
"191","2014-01-26 20:00:00",0
"192","2014-01-26 22:00:00",0
"193","2014-02-12 00:00:00",0.00118450386915356
"194","2014-02-12 02:00:00",0.00477285388857126
"195","2014-02-12 04:00:00",0.000870958715677261
"196","2014-02-12 06:00:00",0
"197","2014-02-12 08:00:00",0.000696767009794712
"198","2014-02-12 10:00:00",0.000487736910581589
"199","2014-02-12 12:00:00",0.00139353398233652
"200","2014-02-12 14:00:00",0.00606187280267477
"201","2014-02-12 16:00:00",0.000487736882641911
"202","2014-02-12 18:00:00",1.0376602540724
"203","2014-02-12 20:00:00",0.801398882822832
"204","2014-02-12 22:00:00",0.000139353396371007
"205","2014-02-13 00:00:00",0.000696766972541809
"206","2014-02-13 02:00:00",0.00020903009455651
"207","2014-02-13 04:00:00",0
"208","2014-02-13 06:00:00",0.000278706792742014
"209","2014-02-13 08:00:00",0
"210","2014-02-13 10:00:00",0.00229933105409145
"211","2014-02-13 12:00:00",0.000557413585484028
"212","2014-02-13 14:00:00",0.000766443684697151
"213","2014-02-13 16:00:00",0.000139353396371007
"214","2014-02-13 18:00:00",0.000627090283669531
"215","2014-02-13 20:00:00",0
"216","2014-02-13 22:00:00",0
"217","2014-02-14 00:00:00",0
"218","2014-02-14 02:00:00",0
"219","2014-02-14 04:00:00",0
"220","2014-02-14 06:00:00",0.000139353396371007
"221","2014-02-14 08:00:00",0.000418060189113021
"222","2014-02-14 10:00:00",0.000975473765283823
"223","2014-02-14 12:00:00",0.000632546943961643
"224","2014-02-14 14:00:00",0.000139353396371007
"225","2014-02-14 16:00:00",0.000766443684697151
"226","2014-02-14 18:00:00",0
"227","2014-02-14 20:00:00",0
"228","2014-02-14 22:00:00",0
"229","2014-02-15 00:00:00",0.000139353396371007
"230","2014-02-15 02:00:00",0.00613154947757721
"231","2014-02-15 04:00:00",0.000139353396371007
"232","2014-02-15 06:00:00",0
"233","2014-02-15 08:00:00",0.00431995526421815
"234","2014-02-15 10:00:00",0.00703734654467553
"235","2014-02-15 12:00:00",0.00104515053331852
"236","2014-02-15 14:00:00",0.174540137131698
"237","2014-02-15 16:00:00",7.1874302983284
"238","2014-02-15 18:00:00",7.55095460221171
"239","2014-02-15 20:00:00",10.6509615684766
"240","2014-02-15 22:00:00",10.0268952443032
"241","2014-03-04 00:00:00",1.51748885487206
"242","2014-03-04 02:00:00",0.00246191005222499
"243","2014-03-04 04:00:00",0.0553929755464196
"244","2014-03-04 06:00:00",0.0009754737932235
"245","2014-03-04 08:00:00",0.00020903009455651
"246","2014-03-04 10:00:00",0
"247","2014-03-04 12:00:00",0.000139353396371007
"248","2014-03-04 14:00:00",0.000487736882641911
"249","2014-03-04 16:00:00",0.0390189512819052
"250","2014-03-04 18:00:00",0.0126811591535807
"251","2014-03-04 20:00:00",0.00139353395439684
"252","2014-03-04 22:00:00",0
"253","2014-03-05 00:00:00",0
"254","2014-03-05 02:00:00",0.000278706792742014
"255","2014-03-05 04:00:00",0.000696766972541809
"256","2014-03-05 06:00:00",0.000696766972541809
"257","2014-03-05 08:00:00",0
"258","2014-03-05 10:00:00",0.00125418066978455
"259","2014-03-05 12:00:00",0
"260","2014-03-05 14:00:00",0
"261","2014-03-05 16:00:00",0.00181159421801567
"262","2014-03-05 18:00:00",0.00703734681010246
"263","2014-03-05 20:00:00",0
"264","2014-03-05 22:00:00",0
"265","2014-03-06 00:00:00",0
"266","2014-03-06 02:00:00",0
"267","2014-03-06 04:00:00",0
"268","2014-03-06 06:00:00",0
"269","2014-03-06 08:00:00",0
"270","2014-03-06 10:00:00",0.00125418066978455
"271","2014-03-06 12:00:00",0.00160256416071206
"272","2014-03-06 14:00:00",0
"273","2014-03-06 16:00:00",0.00125418066978455
"274","2014-03-06 18:00:00",0
"275","2014-03-06 20:00:00",0.000278706792742014
"276","2014-03-06 22:00:00",0
"277","2014-03-07 00:00:00",0
"278","2014-03-07 02:00:00",0
"279","2014-03-07 04:00:00",0.000278706797398627
"280","2014-03-07 06:00:00",0.000696766972541809
"281","2014-03-07 08:00:00",0.000278706792742014
"282","2014-03-07 10:00:00",0.000487736891955137
"283","2014-03-07 12:00:00",0.000766443670727313
"284","2014-03-07 14:00:00",0.000353840095340274
"285","2014-03-07 16:00:00",0
"286","2014-03-07 18:00:00",0.00181159421801567
"287","2014-03-07 20:00:00",0
"288","2014-03-07 22:00:00",0
"289","2014-03-24 00:00:00",0
"290","2014-03-24 02:00:00",0
"291","2014-03-24 04:00:00",0
"292","2014-03-24 06:00:00",0
"293","2014-03-24 08:00:00",0
"294","2014-03-24 10:00:00",0
"295","2014-03-24 12:00:00",0
"296","2014-03-24 14:00:00",0
"297","2014-03-24 16:00:00",0
"298","2014-03-24 18:00:00",0
"299","2014-03-24 20:00:00",0
"300","2014-03-24 22:00:00",0
"301","2014-03-25 00:00:00",0
"302","2014-03-25 02:00:00",0
"303","2014-03-25 04:00:00",0
"304","2014-03-25 06:00:00",0
"305","2014-03-25 08:00:00",0
"306","2014-03-25 10:00:00",0
"307","2014-03-25 12:00:00",0
"308","2014-03-25 14:00:00",0
"309","2014-03-25 16:00:00",0
"310","2014-03-25 18:00:00",0
"311","2014-03-25 20:00:00",0
"312","2014-03-25 22:00:00",0
"313","2014-03-26 00:00:00",0
"314","2014-03-26 02:00:00",0
"315","2014-03-26 04:00:00",0
"316","2014-03-26 06:00:00",0
"317","2014-03-26 08:00:00",0
"318","2014-03-26 10:00:00",0
"319","2014-03-26 12:00:00",0
"320","2014-03-26 14:00:00",0
"321","2014-03-26 16:00:00",0
"322","2014-03-26 18:00:00",0
"323","2014-03-26 20:00:00",0
"324","2014-03-26 22:00:00",0
"325","2014-03-27 00:00:00",0
"326","2014-03-27 02:00:00",0
"327","2014-03-27 04:00:00",0
"328","2014-03-27 06:00:00",0
"329","2014-03-27 08:00:00",0
"330","2014-03-27 10:00:00",0
"331","2014-03-27 12:00:00",0
"332","2014-03-27 14:00:00",0
"333","2014-03-27 16:00:00",0
"334","2014-03-27 18:00:00",0
"335","2014-03-27 20:00:00",0
"336","2014-03-27 22:00:00",0
"337","2014-04-13 00:00:00",0
"338","2014-04-13 02:00:00",0.000627090334892273
"339","2014-04-13 04:00:00",0.000487736891955137
"340","2014-04-13 06:00:00",0.000418060198426247
"341","2014-04-13 08:00:00",0
"342","2014-04-13 10:00:00",0
"343","2014-04-13 12:00:00",0.000557413585484028
"344","2014-04-13 14:00:00",0.000139353396371007
"345","2014-04-13 16:00:00",0.00376254200935364
"346","2014-04-13 18:00:00",0.00195094764232636
"347","2014-04-13 20:00:00",0.00279252474138048
"348","2014-04-13 22:00:00",0.00181705077120569
"349","2014-04-14 00:00:00",0.003102935643401
"350","2014-04-14 02:00:00",0.00680044576060027
"351","2014-04-14 04:00:00",0
"352","2014-04-14 06:00:00",0
"353","2014-04-14 08:00:00",0
"354","2014-04-14 10:00:00",0.00431995540857315
"355","2014-04-14 12:00:00",0.00445930881425738
"356","2014-04-14 14:00:00",0.00161185435019433
"357","2014-04-14 16:00:00",0.003553511723876
"358","2014-04-14 18:00:00",0.013939984831959
"359","2014-04-14 20:00:00",0.00188127093017101
"360","2014-04-14 22:00:00",0.00469156460370868
"361","2014-04-15 00:00:00",0.00404124862048775
"362","2014-04-15 02:00:00",0
"363","2014-04-15 04:00:00",0
"364","2014-04-15 06:00:00",0
"365","2014-04-15 08:00:00",0.000487736891955137
"366","2014-04-15 10:00:00",0
"367","2014-04-15 12:00:00",0.00585284269414842
"368","2014-04-15 14:00:00",0.00457311417907476
"369","2014-04-15 16:00:00",0.0180648453347385
"370","2014-04-15 18:00:00",0.00125418056733906
"371","2014-04-15 20:00:00",0.00376254177186638
"372","2014-04-15 22:00:00",0.000243868441320956
"373","2014-04-16 00:00:00",0.00160256403964013
"374","2014-04-16 02:00:00",0.00048773689661175
"375","2014-04-16 04:00:00",0.00306577474810183
"376","2014-04-16 06:00:00",0.00942957998020575
"377","2014-04-16 08:00:00",0.00020903009455651
"378","2014-04-16 10:00:00",0.000975473774597049
"379","2014-04-16 12:00:00",0.000139353396371007
"380","2014-04-16 14:00:00",0.000766443675383925
"381","2014-04-16 16:00:00",0.00128901891410351
"382","2014-04-16 18:00:00",0.000139353396371007
"383","2014-04-16 20:00:00",0.00452898547053337
"384","2014-04-16 22:00:00",0.000487736910581589
"385","2014-05-03 00:00:00",0
"386","2014-05-03 02:00:00",0
"387","2014-05-03 04:00:00",0.000557413585484028
"388","2014-05-03 06:00:00",0.000766443684697151
"389","2014-05-03 08:00:00",0
"390","2014-05-03 10:00:00",0
"391","2014-05-03 12:00:00",0
"392","2014-05-03 14:00:00",0
"393","2014-05-03 16:00:00",0
"394","2014-05-03 18:00:00",0
"395","2014-05-03 20:00:00",0
"396","2014-05-03 22:00:00",0
"397","2014-05-04 00:00:00",0
"398","2014-05-04 02:00:00",0
"399","2014-05-04 04:00:00",0
"400","2014-05-04 06:00:00",0
"401","2014-05-04 08:00:00",0
"402","2014-05-04 10:00:00",0
"403","2014-05-04 12:00:00",0
"404","2014-05-04 14:00:00",0
"405","2014-05-04 16:00:00",0
"406","2014-05-04 18:00:00",0
"407","2014-05-04 20:00:00",0.000696766981855035
"408","2014-05-04 22:00:00",0.000696766981855035
"409","2014-05-05 00:00:00",0
"410","2014-05-05 02:00:00",0
"411","2014-05-05 04:00:00",0
"412","2014-05-05 06:00:00",0.00125418066978455
"413","2014-05-05 08:00:00",0.000557413585484028
"414","2014-05-05 10:00:00",0.000557413585484028
"415","2014-05-05 12:00:00",0.000557413585484028
"416","2014-05-05 14:00:00",0
"417","2014-05-05 16:00:00",0
"418","2014-05-05 18:00:00",0
"419","2014-05-05 20:00:00",0.00613154947757721
"420","2014-05-05 22:00:00",0
"421","2014-05-06 00:00:00",0
"422","2014-05-06 02:00:00",0.00578316614031792
"423","2014-05-06 04:00:00",0
"424","2014-05-06 06:00:00",0.00537520764803048
"425","2014-05-06 08:00:00",0
"426","2014-05-06 10:00:00",0.00404124863445759
"427","2014-05-06 12:00:00",0.00132385736797005
"428","2014-05-06 14:00:00",0
"429","2014-05-06 16:00:00",0.341070027023379
"430","2014-05-06 18:00:00",0.209378485726193
"431","2014-05-06 20:00:00",1.53435060299933
"432","2014-05-06 22:00:00",0.000139353396371007
"433","2014-05-23 00:00:00",0
"434","2014-05-23 02:00:00",0
"435","2014-05-23 04:00:00",0
"436","2014-05-23 06:00:00",0
"437","2014-05-23 08:00:00",0
"438","2014-05-23 10:00:00",0
"439","2014-05-23 12:00:00",0
"440","2014-05-23 14:00:00",0
"441","2014-05-23 16:00:00",0
"442","2014-05-23 18:00:00",0
"443","2014-05-23 20:00:00",0
"444","2014-05-23 22:00:00",0
"445","2014-05-24 00:00:00",0
"446","2014-05-24 02:00:00",0
"447","2014-05-24 04:00:00",0
"448","2014-05-24 06:00:00",0
"449","2014-05-24 08:00:00",0
"450","2014-05-24 10:00:00",0
"451","2014-05-24 12:00:00",0
"452","2014-05-24 14:00:00",0
"453","2014-05-24 16:00:00",0
"454","2014-05-24 18:00:00",0
"455","2014-05-24 20:00:00",0
"456","2014-05-24 22:00:00",0
"457","2014-05-25 00:00:00",0
"458","2014-05-25 02:00:00",0
"459","2014-05-25 04:00:00",0
"460","2014-05-25 06:00:00",0
"461","2014-05-25 08:00:00",0
"462","2014-05-25 10:00:00",0
"463","2014-05-25 12:00:00",0
"464","2014-05-25 14:00:00",0
"465","2014-05-25 16:00:00",0
"466","2014-05-25 18:00:00",0
"467","2014-05-25 20:00:00",0
"468","2014-05-25 22:00:00",0
"469","2014-05-26 00:00:00",0
"470","2014-05-26 02:00:00",0
"471","2014-05-26 04:00:00",0
"472","2014-05-26 06:00:00",0
"473","2014-05-26 08:00:00",0
"474","2014-05-26 10:00:00",0
"475","2014-05-26 12:00:00",0
"476","2014-05-26 14:00:00",0
"477","2014-05-26 16:00:00",0
"478","2014-05-26 18:00:00",0
"479","2014-05-26 20:00:00",0
"480","2014-05-26 22:00:00",0
"481","2014-06-12 00:00:00",0.000632546943961643
"482","2014-06-12 02:00:00",0
"483","2014-06-12 04:00:00",0
"484","2014-06-12 06:00:00",0.0257858351891628
"485","2014-06-12 08:00:00",0.00948148767405655
"486","2014-06-12 10:00:00",0
"487","2014-06-12 12:00:00",0
"488","2014-06-12 14:00:00",0
"489","2014-06-12 16:00:00",0
"490","2014-06-12 18:00:00",0.000139353396371007
"491","2014-06-12 20:00:00",0
"492","2014-06-12 22:00:00",0.00125418066978455
"493","2014-06-13 00:00:00",0
"494","2014-06-13 02:00:00",0.00125963727885392
"495","2014-06-13 04:00:00",0
"496","2014-06-13 06:00:00",0
"497","2014-06-13 08:00:00",0.00188672761374619
"498","2014-06-13 10:00:00",0.00251381794863846
"499","2014-06-13 12:00:00",0.0062763599579921
"500","2014-06-13 14:00:00",0
"501","2014-06-13 16:00:00",0.000705476559814997
"502","2014-06-13 18:00:00",0.00125418066978455
"503","2014-06-13 20:00:00",0.000557413585484028
"504","2014-06-13 22:00:00",0
"505","2014-06-14 00:00:00",0.000487736887298524
"506","2014-06-14 02:00:00",0
"507","2014-06-14 04:00:00",0
"508","2014-06-14 06:00:00",0
"509","2014-06-14 08:00:00",0
"510","2014-06-14 10:00:00",0
"511","2014-06-14 12:00:00",0
"512","2014-06-14 14:00:00",0
"513","2014-06-14 16:00:00",0
"514","2014-06-14 18:00:00",0
"515","2014-06-14 20:00:00",0.000284163401811384
"516","2014-06-14 22:00:00",0.00313545167446136
"517","2014-06-15 00:00:00",0.000627090334892273
"518","2014-06-15 02:00:00",0
"519","2014-06-15 04:00:00",0
"520","2014-06-15 06:00:00",0.00703734703361988
"521","2014-06-15 08:00:00",0.00139353396371007
"522","2014-06-15 10:00:00",0.00703734670765698
"523","2014-06-15 12:00:00",0.00780379046685994
"524","2014-06-15 14:00:00",0.00202062431722879
"525","2014-06-15 16:00:00",0.00540226669749245
"526","2014-06-15 18:00:00",0
"527","2014-06-15 20:00:00",4.61137123653665
"528","2014-06-15 22:00:00",7.84389714364894
"529","2014-07-02 00:00:00",0
"530","2014-07-02 02:00:00",0
"531","2014-07-02 04:00:00",0
"532","2014-07-02 06:00:00",0.000632546943961643
"533","2014-07-02 08:00:00",0.000562870194553398
"534","2014-07-02 10:00:00",0.000632546943961643
"535","2014-07-02 12:00:00",0.000980930374353193
"536","2014-07-02 14:00:00",0.00118996046425309
"537","2014-07-02 16:00:00",0.00731605351902545
"538","2014-07-02 18:00:00",0.111053048474714
"539","2014-07-02 20:00:00",4.68359814378899
"540","2014-07-02 22:00:00",10.0644752803445
"541","2014-07-03 00:00:00",12.9748954486847
"542","2014-07-03 02:00:00",3.58292397878133
"543","2014-07-03 04:00:00",0.0841694539552554
"544","2014-07-03 06:00:00",0.00766443709377199
"545","2014-07-03 08:00:00",0.000366963935084641
"546","2014-07-03 10:00:00",0.000557413580827415
"547","2014-07-03 12:00:00",0.00215997770428658
"548","2014-07-03 14:00:00",0.00515607569366694
"549","2014-07-03 16:00:00",0.000218320316635072
"550","2014-07-03 18:00:00",0.00390189524274319
"551","2014-07-03 20:00:00",0.246551006184891
"552","2014-07-03 22:00:00",0.0027173914341256
"553","2014-07-04 00:00:00",0.000836120378226042
"554","2014-07-04 02:00:00",0.000905797081068158
"555","2014-07-04 04:00:00",0.0317725745588541
"556","2014-07-04 06:00:00",0.000209030099213123
"557","2014-07-04 08:00:00",0
"558","2014-07-04 10:00:00",0
"559","2014-07-04 12:00:00",0.000139353396371007
"560","2014-07-04 14:00:00",0.000557413585484028
"561","2014-07-04 16:00:00",0
"562","2014-07-04 18:00:00",0.00181159417144954
"563","2014-07-04 20:00:00",0.000487736887298524
"564","2014-07-04 22:00:00",0.000348383490927517
"565","2014-07-05 00:00:00",0
"566","2014-07-05 02:00:00",0
"567","2014-07-05 04:00:00",0
"568","2014-07-05 06:00:00",0.00146321069449186
"569","2014-07-05 08:00:00",0.00613154947757721
"570","2014-07-05 10:00:00",0.011008918704465
"571","2014-07-05 12:00:00",0.00215997770428658
"572","2014-07-05 14:00:00",0.00125418066978455
"573","2014-07-05 16:00:00",0
"574","2014-07-05 18:00:00",0
"575","2014-07-05 20:00:00",0
"576","2014-07-05 22:00:00",0.000278706792742014
"577","2014-07-22 00:00:00",0
"578","2014-07-22 02:00:00",0
"579","2014-07-22 04:00:00",0
"580","2014-07-22 06:00:00",0
"581","2014-07-22 08:00:00",0
"582","2014-07-22 10:00:00",0
"583","2014-07-22 12:00:00",0
"584","2014-07-22 14:00:00",0
"585","2014-07-22 16:00:00",0
"586","2014-07-22 18:00:00",0
"587","2014-07-22 20:00:00",0
"588","2014-07-22 22:00:00",0
"589","2014-07-23 00:00:00",0
"590","2014-07-23 02:00:00",0
"591","2014-07-23 04:00:00",0
"592","2014-07-23 06:00:00",0
"593","2014-07-23 08:00:00",0
"594","2014-07-23 10:00:00",0
"595","2014-07-23 12:00:00",0
"596","2014-07-23 14:00:00",0
"597","2014-07-23 16:00:00",0
"598","2014-07-23 18:00:00",0
"599","2014-07-23 20:00:00",0
"600","2014-07-23 22:00:00",0
"601","2014-07-24 00:00:00",0
"602","2014-07-24 02:00:00",0
"603","2014-07-24 04:00:00",0
"604","2014-07-24 06:00:00",0
"605","2014-07-24 08:00:00",0
"606","2014-07-24 10:00:00",0
"607","2014-07-24 12:00:00",0
"608","2014-07-24 14:00:00",0
"609","2014-07-24 16:00:00",0
"610","2014-07-24 18:00:00",0
"611","2014-07-24 20:00:00",0
"612","2014-07-24 22:00:00",0
"613","2014-07-25 00:00:00",0
"614","2014-07-25 02:00:00",0
"615","2014-07-25 04:00:00",0
"616","2014-07-25 06:00:00",0
"617","2014-07-25 08:00:00",0
"618","2014-07-25 10:00:00",0
"619","2014-07-25 12:00:00",0
"620","2014-07-25 14:00:00",0
"621","2014-07-25 16:00:00",0
"622","2014-07-25 18:00:00",0
"623","2014-07-25 20:00:00",0
"624","2014-07-25 22:00:00",0
"625","2014-08-11 00:00:00",0.000627090283669531
"626","2014-08-11 02:00:00",0
"627","2014-08-11 04:00:00",0.000278706792742014
"628","2014-08-11 06:00:00",0
"629","2014-08-11 08:00:00",0
"630","2014-08-11 10:00:00",0
"631","2014-08-11 12:00:00",0
"632","2014-08-11 14:00:00",0
"633","2014-08-11 16:00:00",0
"634","2014-08-11 18:00:00",0.000836120387539268
"635","2014-08-11 20:00:00",0
"636","2014-08-11 22:00:00",0
"637","2014-08-12 00:00:00",0
"638","2014-08-12 02:00:00",0
"639","2014-08-12 04:00:00",0
"640","2014-08-12 06:00:00",0
"641","2014-08-12 08:00:00",0
"642","2014-08-12 10:00:00",0
"643","2014-08-12 12:00:00",0
"644","2014-08-12 14:00:00",0
"645","2014-08-12 16:00:00",0.000766443684697151
"646","2014-08-12 18:00:00",0
"647","2014-08-12 20:00:00",0
"648","2014-08-12 22:00:00",0.000840765493921936
"649","2014-08-13 00:00:00",0.003553511723876
"650","2014-08-13 02:00:00",0.00125418066978455
"651","2014-08-13 04:00:00",0.00125418066978455
"652","2014-08-13 06:00:00",0
"653","2014-08-13 08:00:00",0.000557413585484028
"654","2014-08-13 10:00:00",0.000557413585484028
"655","2014-08-13 12:00:00",0.00111482717096806
"656","2014-08-13 14:00:00",0
"657","2014-08-13 16:00:00",0.000139353396371007
"658","2014-08-13 18:00:00",0
"659","2014-08-13 20:00:00",0
"660","2014-08-13 22:00:00",0
"661","2014-08-14 00:00:00",0
"662","2014-08-14 02:00:00",0
"663","2014-08-14 04:00:00",0.000696766972541809
"664","2014-08-14 06:00:00",0
"665","2014-08-14 08:00:00",0
"666","2014-08-14 10:00:00",0
"667","2014-08-14 12:00:00",0
"668","2014-08-14 14:00:00",0
"669","2014-08-14 16:00:00",0
"670","2014-08-14 18:00:00",0
"671","2014-08-14 20:00:00",0
"672","2014-08-14 22:00:00",0
"673","2014-08-31 00:00:00",0
"674","2014-08-31 02:00:00",0.000445930855348706
"675","2014-08-31 04:00:00",0.000836120378226042
"676","2014-08-31 06:00:00",0
"677","2014-08-31 08:00:00",0.00132385727018118
"678","2014-08-31 10:00:00",0.00181159421801567
"679","2014-08-31 12:00:00",0.00522575251292437
"680","2014-08-31 14:00:00",0.00641025643330067
"681","2014-08-31 16:00:00",0.000766443680040538
"682","2014-08-31 18:00:00",0.00146866726630833
"683","2014-08-31 20:00:00",0.000423516793525778
"684","2014-08-31 22:00:00",0.00445930875837803
"685","2014-09-01 00:00:00",0.000348383486270905
"686","2014-09-01 02:00:00",0
"687","2014-09-01 04:00:00",0.00020903009455651
"688","2014-09-01 06:00:00",0.000627090283669531
"689","2014-09-01 08:00:00",0.00181159421801567
"690","2014-09-01 10:00:00",0
"691","2014-09-01 12:00:00",0
"692","2014-09-01 14:00:00",0
"693","2014-09-01 16:00:00",0
"694","2014-09-01 18:00:00",0
"695","2014-09-01 20:00:00",0
"696","2014-09-01 22:00:00",0.000139353396371007
"697","2014-09-02 00:00:00",0
"698","2014-09-02 02:00:00",0.00390189523342997
"699","2014-09-02 04:00:00",0.000209030099213123
"700","2014-09-02 06:00:00",0
"701","2014-09-02 08:00:00",0
"702","2014-09-02 10:00:00",0
"703","2014-09-02 12:00:00",0
"704","2014-09-02 14:00:00",0
"705","2014-09-02 16:00:00",0.000139353396371007
"706","2014-09-02 18:00:00",0.000627090283669531
"707","2014-09-02 20:00:00",0.000209030099213123
"708","2014-09-02 22:00:00",0.00390189523342997
"709","2014-09-03 00:00:00",0.00334448147565126
"710","2014-09-03 02:00:00",0.0232023407518864
"711","2014-09-03 04:00:00",0.0023690078034997
"712","2014-09-03 06:00:00",0.0249442580994219
"713","2014-09-03 08:00:00",0
"714","2014-09-03 10:00:00",0.000348383490927517
"715","2014-09-03 12:00:00",0.000139353396371007
"716","2014-09-03 14:00:00",0.0199275363981724
"717","2014-09-03 16:00:00",0.00794314369559288
"718","2014-09-03 18:00:00",0.000139353396371007
"719","2014-09-03 20:00:00",0.00020903009455651
"720","2014-09-03 22:00:00",0
"721","2014-09-20 00:00:00",0
"722","2014-09-20 02:00:00",0
"723","2014-09-20 04:00:00",0
"724","2014-09-20 06:00:00",0
"725","2014-09-20 08:00:00",0
"726","2014-09-20 10:00:00",0
"727","2014-09-20 12:00:00",0
"728","2014-09-20 14:00:00",0
"729","2014-09-20 16:00:00",0
"730","2014-09-20 18:00:00",0
"731","2014-09-20 20:00:00",0
"732","2014-09-20 22:00:00",0
"733","2014-09-21 00:00:00",0
"734","2014-09-21 02:00:00",0
"735","2014-09-21 04:00:00",0
"736","2014-09-21 06:00:00",0
"737","2014-09-21 08:00:00",0
"738","2014-09-21 10:00:00",0
"739","2014-09-21 12:00:00",0
"740","2014-09-21 14:00:00",0
"741","2014-09-21 16:00:00",0
"742","2014-09-21 18:00:00",0
"743","2014-09-21 20:00:00",0
"744","2014-09-21 22:00:00",0
"745","2014-09-22 00:00:00",0
"746","2014-09-22 02:00:00",0
"747","2014-09-22 04:00:00",0
"748","2014-09-22 06:00:00",0
"749","2014-09-22 08:00:00",0
"750","2014-09-22 10:00:00",0
"751","2014-09-22 12:00:00",0
"752","2014-09-22 14:00:00",0
"753","2014-09-22 16:00:00",0
"754","2014-09-22 18:00:00",0
"755","2014-09-22 20:00:00",0
"756","2014-09-22 22:00:00",0
"757","2014-09-23 00:00:00",0
"758","2014-09-23 02:00:00",0
"759","2014-09-23 04:00:00",0
"760","2014-09-23 06:00:00",0
"761","2014-09-23 08:00:00",0
"762","2014-09-23 10:00:00",0
"763","2014-09-23 12:00:00",0
"764","2014-09-23 14:00:00",0
"765","2014-09-23 16:00:00",0
"766","2014-09-23 18:00:00",0
"767","2014-09-23 20:00:00",0
"768","2014-09-23 22:00:00",0
"769","2014-10-10 00:00:00",0
"770","2014-10-10 02:00:00",0.00125418066978455
"771","2014-10-10 04:00:00",0.00125418066978455
"772","2014-10-10 06:00:00",0
"773","2014-10-10 08:00:00",0.00125418056733906
"774","2014-10-10 10:00:00",0.00501672267913818
"775","2014-10-10 12:00:00",0
"776","2014-10-10 14:00:00",0
"777","2014-10-10 16:00:00",0.0230640761284303
"778","2014-10-10 18:00:00",0.000418060189113021
"779","2014-10-10 20:00:00",0.000348383490927517
"780","2014-10-10 22:00:00",0.000836120378226042
"781","2014-10-11 00:00:00",0.000139353396371007
"782","2014-10-11 02:00:00",0.00111482716165483
"783","2014-10-11 04:00:00",0.000418060193769634
"784","2014-10-11 06:00:00",0.000418060193769634
"785","2014-10-11 08:00:00",0
"786","2014-10-11 10:00:00",0.0183946484327316
"787","2014-10-11 12:00:00",0.00181159421801567
"788","2014-10-11 14:00:00",0.000731605351902545
"789","2014-10-11 16:00:00",0.00654960967600346
"790","2014-10-11 18:00:00",0.00717669994104654
"791","2014-10-11 20:00:00",0.204152731448412
"792","2014-10-11 22:00:00",0
"793","2014-10-12 00:00:00",0.427605911106803
"794","2014-10-12 02:00:00",1.70014631878585
"795","2014-10-12 04:00:00",10.902512948066
"796","2014-10-12 06:00:00",10.5626160617173
"797","2014-10-12 08:00:00",6.81253489084542
"798","2014-10-12 10:00:00",0.270693982569501
"799","2014-10-12 12:00:00",0.00383221842348576
"800","2014-10-12 14:00:00",0.000557413585484028
"801","2014-10-12 16:00:00",0.00845410609617829
"802","2014-10-12 18:00:00",0.0615942029701546
"803","2014-10-12 20:00:00",2.91081385441124
"804","2014-10-12 22:00:00",13.6428370428085
"805","2014-10-13 00:00:00",9.9671125125885
"806","2014-10-13 02:00:00",6.45230627059937
"807","2014-10-13 04:00:00",4.30790131933987
"808","2014-10-13 06:00:00",3.19018257126212
"809","2014-10-13 08:00:00",2.28198158196639
"810","2014-10-13 10:00:00",0.00076644373126328
"811","2014-10-13 12:00:00",0
"812","2014-10-13 14:00:00",0.000557413585484028
"813","2014-10-13 16:00:00",0.000348383490927517
"814","2014-10-13 18:00:00",0.110960144009441
"815","2014-10-13 20:00:00",11.3432446912676
"816","2014-10-13 22:00:00",15.3274108052254
"817","2014-12-09 00:00:00",0
"818","2014-12-09 02:00:00",0
"819","2014-12-09 04:00:00",0
"820","2014-12-09 06:00:00",0
"821","2014-12-09 08:00:00",0
"822","2014-12-09 10:00:00",0
"823","2014-12-09 12:00:00",0
"824","2014-12-09 14:00:00",0
"825","2014-12-09 16:00:00",0
"826","2014-12-09 18:00:00",0
"827","2014-12-09 20:00:00",0
"828","2014-12-09 22:00:00",0
"829","2014-12-10 00:00:00",0
"830","2014-12-10 02:00:00",0
"831","2014-12-10 04:00:00",0
"832","2014-12-10 06:00:00",0
"833","2014-12-10 08:00:00",0
"834","2014-12-10 10:00:00",0
"835","2014-12-10 12:00:00",0
"836","2014-12-10 14:00:00",0
"837","2014-12-10 16:00:00",0
"838","2014-12-10 18:00:00",0
"839","2014-12-10 20:00:00",0
"840","2014-12-10 22:00:00",0
"841","2014-12-11 00:00:00",0
"842","2014-12-11 02:00:00",0
"843","2014-12-11 04:00:00",0
"844","2014-12-11 06:00:00",0
"845","2014-12-11 08:00:00",0
"846","2014-12-11 10:00:00",0
"847","2014-12-11 12:00:00",0
"848","2014-12-11 14:00:00",0
"849","2014-12-11 16:00:00",0
"850","2014-12-11 18:00:00",0
"851","2014-12-11 20:00:00",0
"852","2014-12-11 22:00:00",0
"853","2014-12-12 00:00:00",0
"854","2014-12-12 02:00:00",0
"855","2014-12-12 04:00:00",0
"856","2014-12-12 06:00:00",0
"857","2014-12-12 08:00:00",0
"858","2014-12-12 10:00:00",0
"859","2014-12-12 12:00:00",0
"860","2014-12-12 14:00:00",0
"861","2014-12-12 16:00:00",0
"862","2014-12-12 18:00:00",0
"863","2014-12-12 20:00:00",0
"864","2014-12-12 22:00:00",0
"865","2014-12-29 00:00:00",0
"866","2014-12-29 02:00:00",0
"867","2014-12-29 04:00:00",0
"868","2014-12-29 06:00:00",0
"869","2014-12-29 08:00:00",0
"870","2014-12-29 10:00:00",0
"871","2014-12-29 12:00:00",0
"872","2014-12-29 14:00:00",0
"873","2014-12-29 16:00:00",0
"874","2014-12-29 18:00:00",0
"875","2014-12-29 20:00:00",0
"876","2014-12-29 22:00:00",0
"877","2014-12-30 00:00:00",0
"878","2014-12-30 02:00:00",0
"879","2014-12-30 04:00:00",0
"880","2014-12-30 06:00:00",0
"881","2014-12-30 08:00:00",0
"882","2014-12-30 10:00:00",0
"883","2014-12-30 12:00:00",0
"884","2014-12-30 14:00:00",0
"885","2014-12-30 16:00:00",0
"886","2014-12-30 18:00:00",0
"887","2014-12-30 20:00:00",0
"888","2014-12-30 22:00:00",0
"889","2014-12-31 00:00:00",0
"890","2014-12-31 02:00:00",0
"891","2014-12-31 04:00:00",0
"892","2014-12-31 06:00:00",0
"893","2014-12-31 08:00:00",0
"894","2014-12-31 10:00:00",0
"895","2014-12-31 12:00:00",0
"896","2014-12-31 14:00:00",0
"897","2014-12-31 16:00:00",0
"898","2014-12-31 18:00:00",0
"899","2014-12-31 20:00:00",0
"900","2014-12-31 22:00:00",0
"901","2015-01-01 00:00:00",0
"902","2015-01-01 02:00:00",0
"903","2015-01-01 04:00:00",0
"904","2015-01-01 06:00:00",0
"905","2015-01-01 08:00:00",0
"906","2015-01-01 10:00:00",0
"907","2015-01-01 12:00:00",0
"908","2015-01-01 14:00:00",0
"909","2015-01-01 16:00:00",0
"910","2015-01-01 18:00:00",0
"911","2015-01-01 20:00:00",0
"912","2015-01-01 22:00:00",0
"913","2015-01-18 00:00:00",0
"914","2015-01-18 02:00:00",0
"915","2015-01-18 04:00:00",0
"916","2015-01-18 06:00:00",0
"917","2015-01-18 08:00:00",0
"918","2015-01-18 10:00:00",0
"919","2015-01-18 12:00:00",0
"920","2015-01-18 14:00:00",0
"921","2015-01-18 16:00:00",0
"922","2015-01-18 18:00:00",0
"923","2015-01-18 20:00:00",0
"924","2015-01-18 22:00:00",0
"925","2015-01-19 00:00:00",0
"926","2015-01-19 02:00:00",0
"927","2015-01-19 04:00:00",0
"928","2015-01-19 06:00:00",0
"929","2015-01-19 08:00:00",0
"930","2015-01-19 10:00:00",0
"931","2015-01-19 12:00:00",0
"932","2015-01-19 14:00:00",0
"933","2015-01-19 16:00:00",0
"934","2015-01-19 18:00:00",0
"935","2015-01-19 20:00:00",0
"936","2015-01-19 22:00:00",0
"937","2015-01-20 00:00:00",0
"938","2015-01-20 02:00:00",0
"939","2015-01-20 04:00:00",0
"940","2015-01-20 06:00:00",0
"941","2015-01-20 08:00:00",0
"942","2015-01-20 10:00:00",0
"943","2015-01-20 12:00:00",0
"944","2015-01-20 14:00:00",0
"945","2015-01-20 16:00:00",0
"946","2015-01-20 18:00:00",0
"947","2015-01-20 20:00:00",0
"948","2015-01-20 22:00:00",0
"949","2015-01-21 00:00:00",0
"950","2015-01-21 02:00:00",0
"951","2015-01-21 04:00:00",0
"952","2015-01-21 06:00:00",0
"953","2015-01-21 08:00:00",0
"954","2015-01-21 10:00:00",0
"955","2015-01-21 12:00:00",0
"956","2015-01-21 14:00:00",0
"957","2015-01-21 16:00:00",0
"958","2015-01-21 18:00:00",0
"959","2015-01-21 20:00:00",0
"960","2015-01-21 22:00:00",0
"961","2015-02-07 00:00:00",0
"962","2015-02-07 02:00:00",0
"963","2015-02-07 04:00:00",0
"964","2015-02-07 06:00:00",0
"965","2015-02-07 08:00:00",0
"966","2015-02-07 10:00:00",0
"967","2015-02-07 12:00:00",0
"968","2015-02-07 14:00:00",0
"969","2015-02-07 16:00:00",0
"970","2015-02-07 18:00:00",0
"971","2015-02-07 20:00:00",0
"972","2015-02-07 22:00:00",0
"973","2015-02-08 00:00:00",0
"974","2015-02-08 02:00:00",0
"975","2015-02-08 04:00:00",0
"976","2015-02-08 06:00:00",0
"977","2015-02-08 08:00:00",0
"978","2015-02-08 10:00:00",0
"979","2015-02-08 12:00:00",0
"980","2015-02-08 14:00:00",0
"981","2015-02-08 16:00:00",0
"982","2015-02-08 18:00:00",0
"983","2015-02-08 20:00:00",0
"984","2015-02-08 22:00:00",0
"985","2015-02-09 00:00:00",0
"986","2015-02-09 02:00:00",0
"987","2015-02-09 04:00:00",0
"988","2015-02-09 06:00:00",0
"989","2015-02-09 08:00:00",0
"990","2015-02-09 10:00:00",0
"991","2015-02-09 12:00:00",0
"992","2015-02-09 14:00:00",0
"993","2015-02-09 16:00:00",0
"994","2015-02-09 18:00:00",0
"995","2015-02-09 20:00:00",0
"996","2015-02-09 22:00:00",0
"997","2015-02-10 00:00:00",0
"998","2015-02-10 02:00:00",0
"999","2015-02-10 04:00:00",0
"1000","2015-02-10 06:00:00",0
"1001","2015-02-10 08:00:00",0
"1002","2015-02-10 10:00:00",0
"1003","2015-02-10 12:00:00",0
"1004","2015-02-10 14:00:00",0
"1005","2015-02-10 16:00:00",0
"1006","2015-02-10 18:00:00",0
"1007","2015-02-10 20:00:00",0
"1008","2015-02-10 22:00:00",0
"1009","2015-02-27 00:00:00",0
"1010","2015-02-27 02:00:00",0
"1011","2015-02-27 04:00:00",0
"1012","2015-02-27 06:00:00",0
"1013","2015-02-27 08:00:00",0
"1014","2015-02-27 10:00:00",0
"1015","2015-02-27 12:00:00",0
"1016","2015-02-27 14:00:00",0
"1017","2015-02-27 16:00:00",0
"1018","2015-02-27 18:00:00",0
"1019","2015-02-27 20:00:00",0
"1020","2015-02-27 22:00:00",0
"1021","2015-02-28 00:00:00",0
"1022","2015-02-28 02:00:00",0
"1023","2015-02-28 04:00:00",0
"1024","2015-02-28 06:00:00",0
"1025","2015-02-28 08:00:00",0
"1026","2015-02-28 10:00:00",0
"1027","2015-02-28 12:00:00",0
"1028","2015-02-28 14:00:00",0
"1029","2015-02-28 16:00:00",0
"1030","2015-02-28 18:00:00",0
"1031","2015-02-28 20:00:00",0
"1032","2015-02-28 22:00:00",0
"1033","2015-03-01 00:00:00",0
"1034","2015-03-01 02:00:00",0
"1035","2015-03-01 04:00:00",0
"1036","2015-03-01 06:00:00",0
"1037","2015-03-01 08:00:00",0
"1038","2015-03-01 10:00:00",0
"1039","2015-03-01 12:00:00",0
"1040","2015-03-01 14:00:00",0
"1041","2015-03-01 16:00:00",0
"1042","2015-03-01 18:00:00",0
"1043","2015-03-01 20:00:00",0
"1044","2015-03-01 22:00:00",0
"1045","2015-03-02 00:00:00",0
"1046","2015-03-02 02:00:00",0
"1047","2015-03-02 04:00:00",0
"1048","2015-03-02 06:00:00",0
"1049","2015-03-02 08:00:00",0
"1050","2015-03-02 10:00:00",0
"1051","2015-03-02 12:00:00",0
"1052","2015-03-02 14:00:00",0
"1053","2015-03-02 16:00:00",0
"1054","2015-03-02 18:00:00",0
"1055","2015-03-02 20:00:00",0
"1056","2015-03-02 22:00:00",0
"1057","2015-03-19 00:00:00",0
"1058","2015-03-19 02:00:00",0
"1059","2015-03-19 04:00:00",0
"1060","2015-03-19 06:00:00",0
"1061","2015-03-19 08:00:00",0
"1062","2015-03-19 10:00:00",0
"1063","2015-03-19 12:00:00",0
"1064","2015-03-19 14:00:00",0
"1065","2015-03-19 16:00:00",0
"1066","2015-03-19 18:00:00",0
"1067","2015-03-19 20:00:00",0
"1068","2015-03-19 22:00:00",0
"1069","2015-03-20 00:00:00",0
"1070","2015-03-20 02:00:00",0
"1071","2015-03-20 04:00:00",0
"1072","2015-03-20 06:00:00",0
"1073","2015-03-20 08:00:00",0
"1074","2015-03-20 10:00:00",0
"1075","2015-03-20 12:00:00",0
"1076","2015-03-20 14:00:00",0
"1077","2015-03-20 16:00:00",0
"1078","2015-03-20 18:00:00",0
"1079","2015-03-20 20:00:00",0
"1080","2015-03-20 22:00:00",0
"1081","2015-03-21 00:00:00",0
"1082","2015-03-21 02:00:00",0
"1083","2015-03-21 04:00:00",0
"1084","2015-03-21 06:00:00",0
"1085","2015-03-21 08:00:00",0
"1086","2015-03-21 10:00:00",0
"1087","2015-03-21 12:00:00",0
"1088","2015-03-21 14:00:00",0
"1089","2015-03-21 16:00:00",0
"1090","2015-03-21 18:00:00",0
"1091","2015-03-21 20:00:00",0
"1092","2015-03-21 22:00:00",0
"1093","2015-03-22 00:00:00",0
"1094","2015-03-22 02:00:00",0
"1095","2015-03-22 04:00:00",0
"1096","2015-03-22 06:00:00",0
"1097","2015-03-22 08:00:00",0
"1098","2015-03-22 10:00:00",0
"1099","2015-03-22 12:00:00",0
"1100","2015-03-22 14:00:00",0
"1101","2015-03-22 16:00:00",0
"1102","2015-03-22 18:00:00",0
"1103","2015-03-22 20:00:00",0
"1104","2015-03-22 22:00:00",0
"1105","2015-08-06 00:00:00",0
"1106","2015-08-06 02:00:00",0.000766443680040538
"1107","2015-08-06 04:00:00",0
"1108","2015-08-06 06:00:00",0.000139353396371007
"1109","2015-08-06 08:00:00",0
"1110","2015-08-06 10:00:00",0.000278706792742014
"1111","2015-08-06 12:00:00",0
"1112","2015-08-06 14:00:00",0
"1113","2015-08-06 16:00:00",0.000487736910581589
"1114","2015-08-06 18:00:00",0
"1115","2015-08-06 20:00:00",2.35474729662761
"1116","2015-08-06 22:00:00",0.91213768068701
"1117","2015-08-07 00:00:00",0.056304231499671
"1118","2015-08-07 02:00:00",0
"1119","2015-08-07 04:00:00",0
"1120","2015-08-07 06:00:00",0.0411963481782004
"1121","2015-08-07 08:00:00",0.0313545145001262
"1122","2015-08-07 10:00:00",0.141802805101033
"1123","2015-08-07 12:00:00",1.18033723658416
"1124","2015-08-07 14:00:00",1.51205406194087
"1125","2015-08-07 16:00:00",0.143394650984555
"1126","2015-08-07 18:00:00",0.000139353396371007
"1127","2015-08-07 20:00:00",0
"1128","2015-08-07 22:00:00",0
"1129","2015-08-08 00:00:00",0.0020903010154143
"1130","2015-08-08 02:00:00",0.000696766995824873
"1131","2015-08-08 04:00:00",0.488034076435724
"1132","2015-08-08 06:00:00",0.00926700107287616
"1133","2015-08-08 08:00:00",0.0011845038831234
"1134","2015-08-08 10:00:00",0
"1135","2015-08-08 12:00:00",0
"1136","2015-08-08 14:00:00",0
"1137","2015-08-08 16:00:00",0.000487736910581589
"1138","2015-08-08 18:00:00",0.0053008858388057
"1139","2015-08-08 20:00:00",0
"1140","2015-08-08 22:00:00",0
"1141","2015-08-09 00:00:00",0.000284163401811384
"1142","2015-08-09 02:00:00",0
"1143","2015-08-09 04:00:00",0
"1144","2015-08-09 06:00:00",0
"1145","2015-08-09 08:00:00",0.000632546943961643
"1146","2015-08-09 10:00:00",0.000632546943961643
"1147","2015-08-09 12:00:00",0.266931441226043
"1148","2015-08-09 14:00:00",0
"1149","2015-08-09 16:00:00",0
"1150","2015-08-09 18:00:00",0.0597140188850608
"1151","2015-08-09 20:00:00",0.0994983276119456
"1152","2015-08-09 22:00:00",0.00020903009455651
"1153","2015-08-26 00:00:00",0
"1154","2015-08-26 02:00:00",0
"1155","2015-08-26 04:00:00",0
"1156","2015-08-26 06:00:00",0
"1157","2015-08-26 08:00:00",0
"1158","2015-08-26 10:00:00",0
"1159","2015-08-26 12:00:00",0
"1160","2015-08-26 14:00:00",0
"1161","2015-08-26 16:00:00",0
"1162","2015-08-26 18:00:00",0
"1163","2015-08-26 20:00:00",0
"1164","2015-08-26 22:00:00",0
"1165","2015-08-27 00:00:00",0
"1166","2015-08-27 02:00:00",0
"1167","2015-08-27 04:00:00",0
"1168","2015-08-27 06:00:00",0
"1169","2015-08-27 08:00:00",0
"1170","2015-08-27 10:00:00",0
"1171","2015-08-27 12:00:00",0
"1172","2015-08-27 14:00:00",0
"1173","2015-08-27 16:00:00",0
"1174","2015-08-27 18:00:00",0
"1175","2015-08-27 20:00:00",0
"1176","2015-08-27 22:00:00",0
"1177","2015-08-28 00:00:00",0
"1178","2015-08-28 02:00:00",0
"1179","2015-08-28 04:00:00",0
"1180","2015-08-28 06:00:00",0
"1181","2015-08-28 08:00:00",0
"1182","2015-08-28 10:00:00",0
"1183","2015-08-28 12:00:00",0
"1184","2015-08-28 14:00:00",0
"1185","2015-08-28 16:00:00",0
"1186","2015-08-28 18:00:00",0
"1187","2015-08-28 20:00:00",0
"1188","2015-08-28 22:00:00",0
"1189","2015-08-29 00:00:00",0
"1190","2015-08-29 02:00:00",0
"1191","2015-08-29 04:00:00",0
"1192","2015-08-29 06:00:00",0
"1193","2015-08-29 08:00:00",0
"1194","2015-08-29 10:00:00",0
"1195","2015-08-29 12:00:00",0
"1196","2015-08-29 14:00:00",0
"1197","2015-08-29 16:00:00",0
"1198","2015-08-29 18:00:00",0
"1199","2015-08-29 20:00:00",0
"1200","2015-08-29 22:00:00",0
"1201","2015-09-15 00:00:00",7.61912965580821
"1202","2015-09-15 02:00:00",8.74568692907691
"1203","2015-09-15 04:00:00",9.01533572897315
"1204","2015-09-15 06:00:00",10.8379096284509
"1205","2015-09-15 08:00:00",8.94734179928899
"1206","2015-09-15 10:00:00",4.66999487321358
"1207","2015-09-15 12:00:00",1.67039437255822
"1208","2015-09-15 14:00:00",0.189145443853922
"1209","2015-09-15 16:00:00",0.0291480858391151
"1210","2015-09-15 18:00:00",2.00393673182465
"1211","2015-09-15 20:00:00",7.35117049440742
"1212","2015-09-15 22:00:00",12.2701224118471
"1213","2015-09-16 00:00:00",8.99936236560345
"1214","2015-09-16 02:00:00",10.5209551952779
"1215","2015-09-16 04:00:00",10.7387436796725
"1216","2015-09-16 06:00:00",9.70490169361234
"1217","2015-09-16 08:00:00",9.79836135327816
"1218","2015-09-16 10:00:00",8.59353509500623
"1219","2015-09-16 12:00:00",7.65618837938644
"1220","2015-09-16 14:00:00",3.56877089235
"1221","2015-09-16 16:00:00",1.84620153671596
"1222","2015-09-16 18:00:00",6.06733095273376
"1223","2015-09-16 20:00:00",12.6620329499245
"1224","2015-09-16 22:00:00",8.40629753053188
"1225","2015-09-17 00:00:00",10.121219983995
"1226","2015-09-17 02:00:00",10.8043197971582
"1227","2015-09-17 04:00:00",9.54231111228466
"1228","2015-09-17 06:00:00",9.40696411684156
"1229","2015-09-17 08:00:00",7.73834649808705
"1230","2015-09-17 10:00:00",4.36106467601843
"1231","2015-09-17 12:00:00",0.35006378645543
"1232","2015-09-17 14:00:00",0.101379599622451
"1233","2015-09-17 16:00:00",0.536143445593771
"1234","2015-09-17 18:00:00",5.09352939233184
"1235","2015-09-17 20:00:00",12.8184361439943
"1236","2015-09-17 22:00:00",8.60930870473385
"1237","2015-09-18 00:00:00",12.2654598281533
"1238","2015-09-18 02:00:00",12.3925478702784
"1239","2015-09-18 04:00:00",10.8504910299182
"1240","2015-09-18 06:00:00",13.0784266809374
"1241","2015-09-18 08:00:00",11.9993842495978
"1242","2015-09-18 10:00:00",5.91384976128116
"1243","2015-09-18 12:00:00",2.91779892454389
"1244","2015-09-18 14:00:00",2.63160766975023
"1245","2015-09-18 16:00:00",1.48608706621453
"1246","2015-09-18 18:00:00",1.23944400202949
"1247","2015-09-18 20:00:00",1.67979004125576
"1248","2015-09-18 22:00:00",0.19509476109175
"1249","2015-10-05 00:00:00",0.00125963716709521
"1250","2015-10-05 02:00:00",0.000284163401811384
"1251","2015-10-05 04:00:00",0.000702223581611179
"1252","2015-10-05 06:00:00",0.00251381794863846
"1253","2015-10-05 08:00:00",0.000911253736703657
"1254","2015-10-05 10:00:00",0.0017473741149297
"1255","2015-10-05 12:00:00",0.00495250253879931
"1256","2015-10-05 14:00:00",0
"1257","2015-10-05 16:00:00",0.000278706792742014
"1258","2015-10-05 18:00:00",0
"1259","2015-10-05 20:00:00",0.000766443684697151
"1260","2015-10-05 22:00:00",0.00202062427997589
"1261","2015-10-06 00:00:00",0.000278706792742014
"1262","2015-10-06 02:00:00",0
"1263","2015-10-06 04:00:00",0
"1264","2015-10-06 06:00:00",0
"1265","2015-10-06 08:00:00",0
"1266","2015-10-06 10:00:00",0
"1267","2015-10-06 12:00:00",0.00181159425526857
"1268","2015-10-06 14:00:00",0.00125418066978455
"1269","2015-10-06 16:00:00",0
"1270","2015-10-06 18:00:00",0.000148643618449569
"1271","2015-10-06 20:00:00",0.00160720917861909
"1272","2015-10-06 22:00:00",0.000696766981855035
"1273","2015-10-07 00:00:00",0
"1274","2015-10-07 02:00:00",0
"1275","2015-10-07 04:00:00",0
"1276","2015-10-07 06:00:00",0.00250836119055748
"1277","2015-10-07 08:00:00",0.000766443684697151
"1278","2015-10-07 10:00:00",0
"1279","2015-10-07 12:00:00",0.000139353396371007
"1280","2015-10-07 14:00:00",0
"1281","2015-10-07 16:00:00",0.000376254175789654
"1282","2015-10-07 18:00:00",1.09718024408445
"1283","2015-10-07 20:00:00",1.04442891062703
"1284","2015-10-07 22:00:00",3.20739273587242
"1285","2015-10-08 00:00:00",4.36559366512578
"1286","2015-10-08 02:00:00",6.15818703018129
"1287","2015-10-08 04:00:00",8.70220177799463
"1288","2015-10-08 06:00:00",10.043182105422
"1289","2015-10-08 08:00:00",12.1336848855019
"1290","2015-10-08 10:00:00",4.45508178082295
"1291","2015-10-08 12:00:00",0.932113283607177
"1292","2015-10-08 14:00:00",0.105871064518578
"1293","2015-10-08 16:00:00",0.00661571327596903
"1294","2015-10-08 18:00:00",0.0143498269794509
"1295","2015-10-08 20:00:00",0.652353471438401
"1296","2015-10-08 22:00:00",2.04338181458879
"1297","2015-10-25 00:00:00",0
"1298","2015-10-25 02:00:00",0
"1299","2015-10-25 04:00:00",0
"1300","2015-10-25 06:00:00",0
"1301","2015-10-25 08:00:00",0
"1302","2015-10-25 10:00:00",0
"1303","2015-10-25 12:00:00",0
"1304","2015-10-25 14:00:00",0
"1305","2015-10-25 16:00:00",0
"1306","2015-10-25 18:00:00",0
"1307","2015-10-25 20:00:00",0
"1308","2015-10-25 22:00:00",0
"1309","2015-10-26 00:00:00",0
"1310","2015-10-26 02:00:00",0
"1311","2015-10-26 04:00:00",0
"1312","2015-10-26 06:00:00",0
"1313","2015-10-26 08:00:00",0
"1314","2015-10-26 10:00:00",0
"1315","2015-10-26 12:00:00",0
"1316","2015-10-26 14:00:00",0
"1317","2015-10-26 16:00:00",0
"1318","2015-10-26 18:00:00",0
"1319","2015-10-26 20:00:00",0
"1320","2015-10-26 22:00:00",0
"1321","2015-10-27 00:00:00",0
"1322","2015-10-27 02:00:00",0
"1323","2015-10-27 04:00:00",0
"1324","2015-10-27 06:00:00",0
"1325","2015-10-27 08:00:00",0
"1326","2015-10-27 10:00:00",0
"1327","2015-10-27 12:00:00",0
"1328","2015-10-27 14:00:00",0
"1329","2015-10-27 16:00:00",0
"1330","2015-10-27 18:00:00",0
"1331","2015-10-27 20:00:00",0
"1332","2015-10-27 22:00:00",0
"1333","2015-10-28 00:00:00",0
"1334","2015-10-28 02:00:00",0
"1335","2015-10-28 04:00:00",0
"1336","2015-10-28 06:00:00",0
"1337","2015-10-28 08:00:00",0
"1338","2015-10-28 10:00:00",0
"1339","2015-10-28 12:00:00",0
"1340","2015-10-28 14:00:00",0
"1341","2015-10-28 16:00:00",0
"1342","2015-10-28 18:00:00",0
"1343","2015-10-28 20:00:00",0
"1344","2015-10-28 22:00:00",0
"1345","2015-11-14 00:00:00",0.000766443670727313
"1346","2015-11-14 02:00:00",0.000766443670727313
"1347","2015-11-14 04:00:00",0.000139353396371007
"1348","2015-11-14 06:00:00",0
"1349","2015-11-14 08:00:00",0
"1350","2015-11-14 10:00:00",0
"1351","2015-11-14 12:00:00",0.00111482717096806
"1352","2015-11-14 14:00:00",0.000557413585484028
"1353","2015-11-14 16:00:00",0.000557413585484028
"1354","2015-11-14 18:00:00",0
"1355","2015-11-14 20:00:00",0.000696766972541809
"1356","2015-11-14 22:00:00",0
"1357","2015-11-15 00:00:00",0.00362318843603134
"1358","2015-11-15 02:00:00",0.000766443680040538
"1359","2015-11-15 04:00:00",0
"1360","2015-11-15 06:00:00",0.000348383490927517
"1361","2015-11-15 08:00:00",0.000696766972541809
"1362","2015-11-15 10:00:00",0
"1363","2015-11-15 12:00:00",0.00250836133956909
"1364","2015-11-15 14:00:00",0.00129598658997565
"1365","2015-11-15 16:00:00",0.00431995533406734
"1366","2015-11-15 18:00:00",0
"1367","2015-11-15 20:00:00",0
"1368","2015-11-15 22:00:00",0
"1369","2015-11-16 00:00:00",0.000487736910581589
"1370","2015-11-16 02:00:00",0
"1371","2015-11-16 04:00:00",0
"1372","2015-11-16 06:00:00",0
"1373","2015-11-16 08:00:00",0
"1374","2015-11-16 10:00:00",0
"1375","2015-11-16 12:00:00",0.000632546943961643
"1376","2015-11-16 14:00:00",0.000836120382882655
"1377","2015-11-16 16:00:00",0.000975473765283823
"1378","2015-11-16 18:00:00",0.000487736910581589
"1379","2015-11-16 20:00:00",0.150919733275659
"1380","2015-11-16 22:00:00",6.4281922596693
"1381","2015-11-17 00:00:00",3.59441193088889
"1382","2015-11-17 02:00:00",2.09260032571852
"1383","2015-11-17 04:00:00",3.98268527770182
"1384","2015-11-17 06:00:00",2.92811685291352
"1385","2015-11-17 08:00:00",0.0119147153571248
"1386","2015-11-17 10:00:00",0
"1387","2015-11-17 12:00:00",0.000278706792742014
"1388","2015-11-17 14:00:00",0
"1389","2015-11-17 16:00:00",0.0180462652444839
"1390","2015-11-17 18:00:00",0.000766443670727313
"1391","2015-11-17 20:00:00",0
"1392","2015-11-17 22:00:00",0.000766443684697151
"1393","2015-12-04 00:00:00",0.000557413585484028
"1394","2015-12-04 02:00:00",0.00613154947757721
"1395","2015-12-04 04:00:00",0.000836120382882655
"1396","2015-12-04 06:00:00",0.000209030099213123
"1397","2015-12-04 08:00:00",0
"1398","2015-12-04 10:00:00",0
"1399","2015-12-04 12:00:00",0
"1400","2015-12-04 14:00:00",0
"1401","2015-12-04 16:00:00",0
"1402","2015-12-04 18:00:00",0
"1403","2015-12-04 20:00:00",0
"1404","2015-12-04 22:00:00",0.00174191745463759
"1405","2015-12-05 00:00:00",0.00034838349558413
"1406","2015-12-05 02:00:00",0.000557413585484028
"1407","2015-12-05 04:00:00",0
"1408","2015-12-05 06:00:00",0
"1409","2015-12-05 08:00:00",0.000278706792742014
"1410","2015-12-05 10:00:00",0.000696767033077776
"1411","2015-12-05 12:00:00",0.00132385736797005
"1412","2015-12-05 14:00:00",0.000139353396371007
"1413","2015-12-05 16:00:00",0
"1414","2015-12-05 18:00:00",0
"1415","2015-12-05 20:00:00",0
"1416","2015-12-05 22:00:00",0.00222965434193611
"1417","2015-12-06 00:00:00",0
"1418","2015-12-06 02:00:00",0.000348383490927517
"1419","2015-12-06 04:00:00",0.00125418055802584
"1420","2015-12-06 06:00:00",0.000696766972541809
"1421","2015-12-06 08:00:00",0.000278706792742014
"1422","2015-12-06 10:00:00",0.0011845039203763
"1423","2015-12-06 12:00:00",0.000557413585484028
"1424","2015-12-06 14:00:00",0.000836120382882655
"1425","2015-12-06 16:00:00",0.000836120382882655
"1426","2015-12-06 18:00:00",0.000278706792742014
"1427","2015-12-06 20:00:00",0.00313545167446136
"1428","2015-12-06 22:00:00",0.000348383490927517
"1429","2015-12-07 00:00:00",0.00257803797721863
"1430","2015-12-07 02:00:00",0.00195094770286232
"1431","2015-12-07 04:00:00",0.00146321076899767
"1432","2015-12-07 06:00:00",0.00167224074248224
"1433","2015-12-07 08:00:00",0.00515607560519129
"1434","2015-12-07 10:00:00",0.0026477147359401
"1435","2015-12-07 12:00:00",0
"1436","2015-12-07 14:00:00",0.000627090334892273
"1437","2015-12-07 16:00:00",0.000627090334892273
"1438","2015-12-07 18:00:00",0.000627090334892273
"1439","2015-12-07 20:00:00",0.00020903009455651
"1440","2015-12-07 22:00:00",0.000557413585484028
"1441","2015-12-23 00:00:00",0
"1442","2015-12-23 02:00:00",0
"1443","2015-12-23 04:00:00",0
"1444","2015-12-23 06:00:00",0.000627090334892273
"1445","2015-12-23 08:00:00",0.000139353396371007
"1446","2015-12-23 10:00:00",0
"1447","2015-12-23 12:00:00",0
"1448","2015-12-23 14:00:00",0.000487736891955137
"1449","2015-12-23 16:00:00",0
"1450","2015-12-23 18:00:00",0.00222965431399643
"1451","2015-12-23 20:00:00",0.000209030099213123
"1452","2015-12-23 22:00:00",0.000580639149993658
"1453","2015-12-24 00:00:00",0.000348383486270905
"1454","2015-12-24 02:00:00",0
"1455","2015-12-24 04:00:00",0
"1456","2015-12-24 06:00:00",0
"1457","2015-12-24 08:00:00",0
"1458","2015-12-24 10:00:00",0
"1459","2015-12-24 12:00:00",0.0027173912525177
"1460","2015-12-24 14:00:00",0.000557413585484028
"1461","2015-12-24 16:00:00",0
"1462","2015-12-24 18:00:00",0
"1463","2015-12-24 20:00:00",0
"1464","2015-12-24 22:00:00",0.000209030099213123
"1465","2015-12-25 00:00:00",0
"1466","2015-12-25 02:00:00",0.00034838349558413
"1467","2015-12-25 04:00:00",0.0273829426243901
"1468","2015-12-25 06:00:00",0.0275222960207611
"1469","2015-12-25 08:00:00",0
"1470","2015-12-25 10:00:00",0
"1471","2015-12-25 12:00:00",0.000627090334892273
"1472","2015-12-25 14:00:00",0
"1473","2015-12-25 16:00:00",0.000139353396371007
"1474","2015-12-25 18:00:00",0
"1475","2015-12-25 20:00:00",0.054347825050354
"1476","2015-12-25 22:00:00",0
"1477","2015-12-26 00:00:00",0
"1478","2015-12-26 02:00:00",0
"1479","2015-12-26 04:00:00",0.00571348942816257
"1480","2015-12-26 06:00:00",0.000905797109007835
"1481","2015-12-26 08:00:00",0.000278706797398627
"1482","2015-12-26 10:00:00",0
"1483","2015-12-26 12:00:00",0.000487736887298524
"1484","2015-12-26 14:00:00",0.000278706792742014
"1485","2015-12-26 16:00:00",0
"1486","2015-12-26 18:00:00",0.000348383490927517
"1487","2015-12-26 20:00:00",0.000209030099213123
"1488","2015-12-26 22:00:00",0
"1489","2015-12-27 00:00:00",0.000139353396371007
"1490","2015-12-27 02:00:00",0
"1491","2015-12-27 04:00:00",0.000418060189113021
"1492","2015-12-27 06:00:00",0.00034838349558413
"1493","2015-12-27 08:00:00",0.000627090288326144
"1494","2015-12-27 10:00:00",0.00034838349558413
"1495","2015-12-27 12:00:00",0
"1496","2015-12-27 14:00:00",0
"1497","2015-12-27 16:00:00",0
"1498","2015-12-27 18:00:00",0.000418060198426247
"1499","2015-12-27 20:00:00",0.00034838349558413
"1500","2015-12-27 22:00:00",0.00034838349558413
"1501","2015-12-28 00:00:00",0.000278706797398627
"1502","2015-12-28 02:00:00",0.00146321069449186
"1503","2015-12-28 04:00:00",0.00710702352225781
"1504","2015-12-28 06:00:00",0.00703734683338553
"1505","2015-12-28 08:00:00",0.000696767009794712
"1506","2015-12-28 10:00:00",0.000487736910581589
"1507","2015-12-28 12:00:00",0.000139353396371007
"1508","2015-12-28 14:00:00",0
"1509","2015-12-28 16:00:00",0.00613154947757721
"1510","2015-12-28 18:00:00",0
"1511","2015-12-28 20:00:00",0
"1512","2015-12-28 22:00:00",0.000139353396371007
"1513","2015-12-29 00:00:00",0
"1514","2015-12-29 02:00:00",0
"1515","2015-12-29 04:00:00",0.000209030099213123
"1516","2015-12-29 06:00:00",0.000348383490927517
"1517","2015-12-29 08:00:00",0
"1518","2015-12-29 10:00:00",0
"1519","2015-12-29 12:00:00",0
"1520","2015-12-29 14:00:00",0.000557413585484028
"1521","2015-12-29 16:00:00",0
"1522","2015-12-29 18:00:00",0
"1523","2015-12-29 20:00:00",0.000696766972541809
"1524","2015-12-29 22:00:00",0
"1525","2015-12-30 00:00:00",0.000418060184456408
"1526","2015-12-30 02:00:00",0
"1527","2015-12-30 04:00:00",0
"1528","2015-12-30 06:00:00",0.0122630989551544
"1529","2015-12-30 08:00:00",0
"1530","2015-12-30 10:00:00",0
"1531","2015-12-30 12:00:00",0
"1532","2015-12-30 14:00:00",0
"1533","2015-12-30 16:00:00",0.00355351183563471
"1534","2015-12-30 18:00:00",0.00020903009455651
"1535","2015-12-30 20:00:00",0
"1536","2015-12-30 22:00:00",0
"1537","2015-12-31 00:00:00",0
"1538","2015-12-31 02:00:00",0
"1539","2015-12-31 04:00:00",0.00613154947757721
"1540","2015-12-31 06:00:00",0.0183946484327316
"1541","2015-12-31 08:00:00",0.000278706792742014
"1542","2015-12-31 10:00:00",0.000696766972541809
"1543","2015-12-31 12:00:00",0
"1544","2015-12-31 14:00:00",0
"1545","2015-12-31 16:00:00",0
"1546","2015-12-31 18:00:00",0
"1547","2015-12-31 20:00:00",0
"1548","2015-12-31 22:00:00",0.00613154947757721
"1549","2016-01-01 00:00:00",0
"1550","2016-01-01 02:00:00",0.0122630989551544
"1551","2016-01-01 04:00:00",0.00641025627031922
"1552","2016-01-01 06:00:00",0.00613154947757721
"1553","2016-01-01 08:00:00",0.000696766981855035
"1554","2016-01-01 10:00:00",0
"1555","2016-01-01 12:00:00",0
"1556","2016-01-01 14:00:00",0
"1557","2016-01-01 16:00:00",0
"1558","2016-01-01 18:00:00",0
"1559","2016-01-01 20:00:00",0
"1560","2016-01-01 22:00:00",0
"1561","2016-01-02 00:00:00",0.0245261979103088
"1562","2016-01-02 02:00:00",0.000139353396371007
"1563","2016-01-02 04:00:00",0
"1564","2016-01-02 06:00:00",0
"1565","2016-01-02 08:00:00",0
"1566","2016-01-02 10:00:00",0.000278706792742014
"1567","2016-01-02 12:00:00",0.00132385736797005
"1568","2016-01-02 14:00:00",0.0054347825050354
"1569","2016-01-02 16:00:00",0
"1570","2016-01-02 18:00:00",0
"1571","2016-01-02 20:00:00",0
"1572","2016-01-02 22:00:00",0.00376254177186638
"1573","2016-01-03 00:00:00",0
"1574","2016-01-03 02:00:00",0
"1575","2016-01-03 04:00:00",0.00376254177186638
"1576","2016-01-03 06:00:00",0
"1577","2016-01-03 08:00:00",0
"1578","2016-01-03 10:00:00",0
"1579","2016-01-03 12:00:00",0
"1580","2016-01-03 14:00:00",0
"1581","2016-01-03 16:00:00",0
"1582","2016-01-03 18:00:00",0
"1583","2016-01-03 20:00:00",0.000557413585484028
"1584","2016-01-03 22:00:00",0
"1585","2016-01-04 00:00:00",0.250418063248508
"1586","2016-01-04 02:00:00",3.6621115450561
"1587","2016-01-04 04:00:00",3.87599288938567
"1588","2016-01-04 06:00:00",6.08849514096975
"1589","2016-01-04 08:00:00",4.14750555433333
"1590","2016-01-04 10:00:00",2.24570618054364
