,"yield"
"2013-11-24 00:00:00",2.79590015402391e-05
"2013-11-24 02:00:00",2.79590015402391e-05
"2013-11-24 04:00:00",2.90648811956089e-05
"2013-11-24 06:00:00",4.61022283157035e-05
"2013-11-24 08:00:00",0.00380742914607163
"2013-11-24 10:00:00",0.0112501325692619
"2013-11-24 12:00:00",0.0086750011321833
"2013-11-24 14:00:00",0.00150389438139291
"2013-11-24 16:00:00",0.000249461487355802
"2013-11-24 18:00:00",0.00018725335729323
"2013-11-24 20:00:00",0.000292705423786629
"2013-11-24 22:00:00",2.90497123182831e-05
"2013-11-25 00:00:00",6.33161295786522e-05
"2013-11-25 02:00:00",0.000139455854347943
"2013-11-25 04:00:00",0.00136837662719154
"2013-11-25 06:00:00",0.000511141294941808
"2013-11-25 08:00:00",0.0136095646914068
"2013-11-25 10:00:00",0.0220067635119499
"2013-11-25 12:00:00",0.00205539823174331
"2013-11-25 14:00:00",0.000919476339177891
"2013-11-25 16:00:00",0.00169758256772639
"2013-11-25 18:00:00",0.000410665544385211
"2013-11-25 20:00:00",0.000679505423104274
"2013-11-25 22:00:00",0.00233748250448025
"2013-11-26 00:00:00",0.00208938401526575
"2013-11-26 02:00:00",0.00194815814377125
"2013-11-26 04:00:00",0.0036574212692617
"2013-11-26 06:00:00",0.00513580200276556
"2013-11-26 08:00:00",0.0015716099449678
"2013-11-26 10:00:00",0.0134442040444251
"2013-11-26 12:00:00",0.0108984877509479
"2013-11-26 14:00:00",0.00163008318263655
"2013-11-26 16:00:00",0.00244618788224534
"2013-11-26 18:00:00",0.000314807953195213
"2013-11-26 20:00:00",7.64286257663116e-05
"2013-11-26 22:00:00",8.90933900213895e-05
"2013-11-27 00:00:00",8.92830321949987e-05
"2013-11-27 02:00:00",0.000291981587010014
"2013-11-27 04:00:00",0.000390661079230995
"2013-11-27 06:00:00",0.000396614123893869
"2013-11-27 08:00:00",0.00112640047107607
"2013-11-27 10:00:00",0.00954741864068001
"2013-11-27 12:00:00",0.0142899748235991
"2013-11-27 14:00:00",0.00220546537785003
"2013-11-27 16:00:00",0.000986169138960577
"2013-11-27 18:00:00",0.000512311766206949
"2013-11-27 20:00:00",0.000335378797856265
"2013-11-27 22:00:00",0.000321694916065553
"2013-12-14 00:00:00",3.27548464019856e-06
"2013-12-14 02:00:00",4.41054474913471e-06
"2013-12-14 04:00:00",3.65680582899586e-06
"2013-12-14 06:00:00",3.97577590001674e-06
"2013-12-14 08:00:00",1.44393998616579e-05
"2013-12-14 10:00:00",2.30986255983225e-05
"2013-12-14 12:00:00",6.0849459578094e-06
"2013-12-14 14:00:00",4.67066736428023e-06
"2013-12-14 16:00:00",6.00281841479955e-06
"2013-12-14 18:00:00",2.1882492496843e-06
"2013-12-14 20:00:00",7.14202134440711e-06
"2013-12-14 22:00:00",3.43998793005085e-05
"2013-12-15 00:00:00",0.000195307418693119
"2013-12-15 02:00:00",0.0147268297777459
"2013-12-15 04:00:00",0.00196521015472263
"2013-12-15 06:00:00",0.00018614657557373
"2013-12-15 08:00:00",0.00026439157199502
"2013-12-15 10:00:00",0.000257986424176579
"2013-12-15 12:00:00",6.75040658570651e-05
"2013-12-15 14:00:00",2.40500601648819e-05
"2013-12-15 16:00:00",9.54706484117196e-06
"2013-12-15 18:00:00",2.93704360092306e-06
"2013-12-15 20:00:00",1.03825748506097e-05
"2013-12-15 22:00:00",7.97680948653579e-06
"2013-12-16 00:00:00",1.58727157272551e-05
"2013-12-16 02:00:00",0.17951011628241
"2013-12-16 04:00:00",1.54082937864447
"2013-12-16 06:00:00",1.64392852128064
"2013-12-16 08:00:00",0.202750535537298
"2013-12-16 10:00:00",5.60791176612303
"2013-12-16 12:00:00",5.09815548154479
"2013-12-16 14:00:00",3.96801016172813
"2013-12-16 16:00:00",5.83550951389177
"2013-12-16 18:00:00",1.90849068558123
"2013-12-16 20:00:00",1.58277245430998
"2013-12-16 22:00:00",1.0544682394499
"2013-12-17 00:00:00",0.917690919054206
"2013-12-17 02:00:00",0.552835844990797
"2013-12-17 04:00:00",0.492443563947687
"2013-12-17 06:00:00",0.499045432468411
"2013-12-17 08:00:00",0.201642046943816
"2013-12-17 10:00:00",0.00126896157794317
"2013-12-17 12:00:00",0.000425837633185438
"2013-12-17 14:00:00",0.000104770920564079
"2013-12-17 16:00:00",0.0628311974236176
"2013-12-17 18:00:00",0.27621818287042
"2013-12-17 20:00:00",0.160655001354171
"2013-12-17 22:00:00",0.565551742107884
"2014-01-03 00:00:00",7.30148689035559e-06
"2014-01-03 02:00:00",3.84468299912442e-05
"2014-01-03 04:00:00",2.62136859632847e-05
"2014-01-03 06:00:00",0.000122918974085678
"2014-01-03 08:00:00",0.000105730734416738
"2014-01-03 10:00:00",0.000185777731494454
"2014-01-03 12:00:00",0.000408304938260699
"2014-01-03 14:00:00",1.70928480247312e-06
"2014-01-03 16:00:00",3.61360952388168e-05
"2014-01-03 18:00:00",0.000872011490094337
"2014-01-03 20:00:00",0.0010158068931064
"2014-01-03 22:00:00",9.35796858907452e-05
"2014-01-04 00:00:00",1.14809732094727e-05
"2014-01-04 02:00:00",2.28930835764913e-05
"2014-01-04 04:00:00",2.68376590743173e-05
"2014-01-04 06:00:00",5.22772809131311e-05
"2014-01-04 08:00:00",0.00031473619409644
"2014-01-04 10:00:00",0.000383521965358341
"2014-01-04 12:00:00",0.000532924375836046
"2014-01-04 14:00:00",0.00660198739064072
"2014-01-04 16:00:00",1.84564216068736
"2014-01-04 18:00:00",8.06894630885171
"2014-01-04 20:00:00",2.55232900892338
"2014-01-04 22:00:00",0.000274838754758093
"2014-01-05 00:00:00",1.24654317974091e-05
"2014-01-05 02:00:00",0.00160529628057157
"2014-01-05 04:00:00",0.000102649581323931
"2014-01-05 06:00:00",0.000173987244360433
"2014-01-05 08:00:00",0.00114036587616783
"2014-01-05 10:00:00",0.000370246466860408
"2014-01-05 12:00:00",0.000373828898037573
"2014-01-05 14:00:00",2.48613523144741e-05
"2014-01-05 16:00:00",0.000142154624078103
"2014-01-05 18:00:00",1.17099323651928e-05
"2014-01-05 20:00:00",1.06951401080551e-05
"2014-01-05 22:00:00",1.33515783386429e-05
"2014-01-06 00:00:00",1.30146649298695e-05
"2014-01-06 02:00:00",0.000199664069967639
"2014-01-06 04:00:00",1.75741692683005e-05
"2014-01-06 06:00:00",1.04911566218107e-05
"2014-01-06 08:00:00",0.000301444487517074
"2014-01-06 10:00:00",3.59726925798896e-05
"2014-01-06 12:00:00",0.000566159714471723
"2014-01-06 14:00:00",0.000113234913252654
"2014-01-06 16:00:00",0.000295063920054417
"2014-01-06 18:00:00",7.20871369721863e-05
"2014-01-06 20:00:00",1.01082440128266e-05
"2014-01-06 22:00:00",0.000106415014750837
"2014-01-23 00:00:00",0.00176426315909293
"2014-01-23 02:00:00",6.60256647335831
"2014-01-23 04:00:00",4.18547583999857
"2014-01-23 06:00:00",0.0992975887500106
"2014-01-23 08:00:00",5.05291104664141
"2014-01-23 10:00:00",0.000810268084787822
"2014-01-23 12:00:00",0.0185601439717857
"2014-01-23 14:00:00",0.311348183868235
"2014-01-23 16:00:00",0.21178277546406
"2014-01-23 18:00:00",0.284827926017344
"2014-01-23 20:00:00",4.54123369400203
"2014-01-23 22:00:00",3.74020777663589
"2014-01-24 00:00:00",2.0507881768026e-06
"2014-01-24 02:00:00",3.82736108446494
"2014-01-24 04:00:00",3.16232094370201
"2014-01-24 06:00:00",0.0599548491306487
"2014-01-24 08:00:00",0.000367833646888357
"2014-01-24 10:00:00",3.00401802438404
"2014-01-24 12:00:00",1.04965745391324
"2014-01-24 14:00:00",0.00149064124680945
"2014-01-24 16:00:00",0.00139210941793363
"2014-01-24 18:00:00",1.28793628419994
"2014-01-24 20:00:00",2.88943220836343
"2014-01-24 22:00:00",2.59123987249285
"2014-01-25 00:00:00",2.4850277974573
"2014-01-25 02:00:00",0.352451175583759
"2014-01-25 04:00:00",0.000841975001326773
"2014-01-25 06:00:00",0.012354024469525
"2014-01-25 08:00:00",0.000256959978140912
"2014-01-25 10:00:00",0.133144105845744
"2014-01-25 12:00:00",0.00806624351372648
"2014-01-25 14:00:00",0.253569640131114
"2014-01-25 16:00:00",0.835944219748024
"2014-01-25 18:00:00",0.0299564017906655
"2014-01-25 20:00:00",7.50267414055088e-05
"2014-01-25 22:00:00",0.177196164981789
"2014-01-26 00:00:00",0.354596178207537
"2014-01-26 02:00:00",0.000947225975333367
"2014-01-26 04:00:00",0.223970847862223
"2014-01-26 06:00:00",0.00410689499459249
"2014-01-26 08:00:00",0.000617690002702147
"2014-01-26 10:00:00",0.0021469183814952
"2014-01-26 12:00:00",0.105699827212075
"2014-01-26 14:00:00",0.0541814966428092
"2014-01-26 16:00:00",0.00118407955787143
"2014-01-26 18:00:00",0.0172099422154124
"2014-01-26 20:00:00",0.00117247783359971
"2014-01-26 22:00:00",0.000647925516525447
"2014-02-12 00:00:00",4.96875848598393e-05
"2014-02-12 02:00:00",1.8381325415703e-05
"2014-02-12 04:00:00",3.71316768409997e-05
"2014-02-12 06:00:00",2.66753408473051e-05
"2014-02-12 08:00:00",0.000158125425334219
"2014-02-12 10:00:00",0.000743948545295098
"2014-02-12 12:00:00",0.00197763879113609
"2014-02-12 14:00:00",0.00337215921856023
"2014-02-12 16:00:00",0.00163687147604833
"2014-02-12 18:00:00",0.641598852223833
"2014-02-12 20:00:00",0.390548156857258
"2014-02-12 22:00:00",1.26296017251661e-05
"2014-02-13 00:00:00",1.24442131568685e-05
"2014-02-13 02:00:00",9.01985316481841e-05
"2014-02-13 04:00:00",9.07734170596086e-06
"2014-02-13 06:00:00",7.96706413939319e-06
"2014-02-13 08:00:00",4.11937707121979e-05
"2014-02-13 10:00:00",0.000176415625528534
"2014-02-13 12:00:00",8.83982339682916e-05
"2014-02-13 14:00:00",4.56154376111044e-05
"2014-02-13 16:00:00",1.28101612649516e-05
"2014-02-13 18:00:00",3.94460473653453e-05
"2014-02-13 20:00:00",1.99254828075937e-05
"2014-02-13 22:00:00",2.21238826384251e-05
"2014-02-14 00:00:00",1.12160369117191e-05
"2014-02-14 02:00:00",1.04213966869793e-05
"2014-02-14 04:00:00",0.000177586915824122
"2014-02-14 06:00:00",0.00118378305527858
"2014-02-14 08:00:00",4.11703828422105e-05
"2014-02-14 10:00:00",0.0040285502457491
"2014-02-14 12:00:00",0.0028170192777693
"2014-02-14 14:00:00",0.000106553970095774
"2014-02-14 16:00:00",1.51662466300877e-05
"2014-02-14 18:00:00",0.00019782893405727
"2014-02-14 20:00:00",8.01627111532071e-05
"2014-02-14 22:00:00",1.29520455216152e-05
"2014-02-15 00:00:00",0.000586248603884542
"2014-02-15 02:00:00",0.000457731829221757
"2014-02-15 04:00:00",2.11261773206388e-05
"2014-02-15 06:00:00",0.00113856867600816
"2014-02-15 08:00:00",0.00211807876817784
"2014-02-15 10:00:00",0.00810922141881247
"2014-02-15 12:00:00",0.00258052681969093
"2014-02-15 14:00:00",0.0561215679778434
"2014-02-15 16:00:00",5.8746753729647
"2014-02-15 18:00:00",8.59113180275075
"2014-02-15 20:00:00",9.108574587774
"2014-02-15 22:00:00",8.63406063244818
"2014-03-04 00:00:00",0.661975893263472
"2014-03-04 02:00:00",0.000611098703443531
"2014-03-04 04:00:00",0.000584501434774211
"2014-03-04 06:00:00",0.00073346016972755
"2014-03-04 08:00:00",0.000856337975605129
"2014-03-04 10:00:00",0.000291458799936663
"2014-03-04 12:00:00",0.000331484559103956
"2014-03-04 14:00:00",0.000509516982958303
"2014-03-04 16:00:00",0.000956920998663918
"2014-03-04 18:00:00",0.000195815584684169
"2014-03-04 20:00:00",7.17413843904069e-05
"2014-03-04 22:00:00",0.000117164269757268
"2014-03-05 00:00:00",0.000171649310957946
"2014-03-05 02:00:00",0.000168529401958494
"2014-03-05 04:00:00",0.000118488685920966
"2014-03-05 06:00:00",9.11116355928243e-05
"2014-03-05 08:00:00",0.000721923341116053
"2014-03-05 10:00:00",0.000799325831772876
"2014-03-05 12:00:00",0.0189742041934796
"2014-03-05 14:00:00",0.00131145647856374
"2014-03-05 16:00:00",0.00137557826716784
"2014-03-05 18:00:00",0.00187759059767541
"2014-03-05 20:00:00",3.46045689402672e-05
"2014-03-05 22:00:00",0.000123740397804795
"2014-03-06 00:00:00",0.000279186374517849
"2014-03-06 02:00:00",0.000503766145493955
"2014-03-06 04:00:00",0.000180153662827706
"2014-03-06 06:00:00",0.000160007991386465
"2014-03-06 08:00:00",0.000614221996956985
"2014-03-06 10:00:00",0.000988886550379902
"2014-03-06 12:00:00",0.00101028256793143
"2014-03-06 14:00:00",0.000785768053565334
"2014-03-06 16:00:00",0.000354072690628527
"2014-03-06 18:00:00",0.000428408217118886
"2014-03-06 20:00:00",0.000209479093285154
"2014-03-06 22:00:00",0.000164307045370151
"2014-03-07 00:00:00",4.68237747863895e-05
"2014-03-07 02:00:00",1.29216764134981e-05
"2014-03-07 04:00:00",2.80400279634705e-05
"2014-03-07 06:00:00",5.27931949054619e-05
"2014-03-07 08:00:00",0.000224261599660167
"2014-03-07 10:00:00",0.000724456880941034
"2014-03-07 12:00:00",0.00220170799499738
"2014-03-07 14:00:00",0.000387880393645901
"2014-03-07 16:00:00",0.000330657361396334
"2014-03-07 18:00:00",0.000856025439573386
"2014-03-07 20:00:00",0.000137478529283726
"2014-03-07 22:00:00",4.18291355254041e-05
"2014-03-24 00:00:00",0.00314949942017893
"2014-03-24 02:00:00",0.00651256026657256
"2014-03-24 04:00:00",0.0141456107560089
"2014-03-24 06:00:00",0.0367077044097691
"2014-03-24 08:00:00",0.00190848658253253
"2014-03-24 10:00:00",0.00444423481822014
"2014-03-24 12:00:00",0.0096461729652865
"2014-03-24 14:00:00",0.00148831283581876
"2014-03-24 16:00:00",0.00117531500184487
"2014-03-24 18:00:00",0.323667011596728
"2014-03-24 20:00:00",0.00797207333233018
"2014-03-24 22:00:00",0.000531988314160117
"2014-03-25 00:00:00",0.477169793839916
"2014-03-25 02:00:00",0.0201616791747656
"2014-03-25 04:00:00",0.00405065087496769
"2014-03-25 06:00:00",0.692302893603486
"2014-03-25 08:00:00",0.120900730994887
"2014-03-25 10:00:00",0.321362191827255
"2014-03-25 12:00:00",0.88376041010581
"2014-03-25 14:00:00",0.462667566984441
"2014-03-25 16:00:00",0.00161019814240262
"2014-03-25 18:00:00",1.6215384994686
"2014-03-25 20:00:00",0.0003115101009098
"2014-03-25 22:00:00",2.27116134639771
"2014-03-26 00:00:00",2.32494557218917
"2014-03-26 02:00:00",0.128388492540427
"2014-03-26 04:00:00",2.493090948103
"2014-03-26 06:00:00",0.00102143358076773
"2014-03-26 08:00:00",0.59463399367145
"2014-03-26 10:00:00",0.0288511435053078
"2014-03-26 12:00:00",0.0449182360213117
"2014-03-26 14:00:00",2.80613019618765
"2014-03-26 16:00:00",0.0025917686380335
"2014-03-26 18:00:00",0.00549849777218969
"2014-03-26 20:00:00",0.0124413023908937
"2014-03-26 22:00:00",2.95472044194443
"2014-03-27 00:00:00",3.09552938849526
"2014-03-27 02:00:00",0.00259502805455486
"2014-03-27 04:00:00",0.00147523917562557
"2014-03-27 06:00:00",0.00105749633947926
"2014-03-27 08:00:00",4.34660711652786
"2014-03-27 10:00:00",0.25068258114747
"2014-03-27 12:00:00",0.102131424623076
"2014-03-27 14:00:00",0.00407769614094104
"2014-03-27 16:00:00",0.0291880475059479
"2014-03-27 18:00:00",0.133174892272936
"2014-03-27 20:00:00",0.0154190160775743
"2014-03-27 22:00:00",0.0028001169164836
"2014-04-13 00:00:00",1.0712314122884e-05
"2014-04-13 02:00:00",2.57225666750855e-05
"2014-04-13 04:00:00",5.08637404300316e-06
"2014-04-13 06:00:00",3.31415153973467e-05
"2014-04-13 08:00:00",0.000157140374070877
"2014-04-13 10:00:00",0.000145061112608346
"2014-04-13 12:00:00",0.000636026448743905
"2014-04-13 14:00:00",1.83678908410911e-05
"2014-04-13 16:00:00",2.30728915917098e-05
"2014-04-13 18:00:00",5.35270040754767e-05
"2014-04-13 20:00:00",5.72267812954124e-05
"2014-04-13 22:00:00",5.86467264624844e-05
"2014-04-14 00:00:00",0.000693953715097905
"2014-04-14 02:00:00",0.000253394004659185
"2014-04-14 04:00:00",1.88367977712005e-05
"2014-04-14 06:00:00",2.68633987384419e-05
"2014-04-14 08:00:00",0.000216909487780868
"2014-04-14 10:00:00",0.000393407585702789
"2014-04-14 12:00:00",0.000910408984373589
"2014-04-14 14:00:00",0.000324844622846285
"2014-04-14 16:00:00",0.000440772066575391
"2014-04-14 18:00:00",0.000317333504855469
"2014-04-14 20:00:00",0.00103861413311961
"2014-04-14 22:00:00",6.3868690993786e-05
"2014-04-15 00:00:00",0.000267048516875548
"2014-04-15 02:00:00",0.000814476314857529
"2014-04-15 04:00:00",0.00106916517877153
"2014-04-15 06:00:00",0.00107185317439917
"2014-04-15 08:00:00",0.000960586427509952
"2014-04-15 10:00:00",0.000145718926240988
"2014-04-15 12:00:00",0.00147288019839925
"2014-04-15 14:00:00",0.000538499509711983
"2014-04-15 16:00:00",0.000573900452083308
"2014-04-15 18:00:00",0.000708649909329779
"2014-04-15 20:00:00",0.00161872249054386
"2014-04-15 22:00:00",0.000379807048384009
"2014-04-16 00:00:00",0.000671914607213694
"2014-04-16 02:00:00",0.00102046895101375
"2014-04-16 04:00:00",0.00154382541755967
"2014-04-16 06:00:00",0.0243056988742383
"2014-04-16 08:00:00",0.000255064137020327
"2014-04-16 10:00:00",0.000449825254545885
"2014-04-16 12:00:00",0.000791250523859617
"2014-04-16 14:00:00",0.000509671209725184
"2014-04-16 16:00:00",0.00285720931501601
"2014-04-16 18:00:00",0.000108466893132118
"2014-04-16 20:00:00",0.0012239842984327
"2014-04-16 22:00:00",0.00135676683490146
"2014-05-03 00:00:00",1.45358975282761e-05
"2014-05-03 02:00:00",1.62390509271972e-05
"2014-05-03 04:00:00",2.28705401455045e-05
"2014-05-03 06:00:00",1.15336468056739e-05
"2014-05-03 08:00:00",9.86941716541878e-05
"2014-05-03 10:00:00",0.000239822583684145
"2014-05-03 12:00:00",4.15000707298532e-05
"2014-05-03 14:00:00",2.95416926742291e-05
"2014-05-03 16:00:00",1.17324176362672e-05
"2014-05-03 18:00:00",9.21653074242386e-05
"2014-05-03 20:00:00",2.13565650842611e-05
"2014-05-03 22:00:00",8.46692477853139e-06
"2014-05-04 00:00:00",1.69279632068537e-05
"2014-05-04 02:00:00",2.26132237298771e-05
"2014-05-04 04:00:00",2.20708386132173e-05
"2014-05-04 06:00:00",2.49802859948431e-05
"2014-05-04 08:00:00",0.000187658780669608
"2014-05-04 10:00:00",0.000110177207097877
"2014-05-04 12:00:00",2.02726528909807e-05
"2014-05-04 14:00:00",3.2119022025654e-05
"2014-05-04 16:00:00",2.91851929750919e-05
"2014-05-04 18:00:00",6.5418614083228e-05
"2014-05-04 20:00:00",0.000152898095098408
"2014-05-04 22:00:00",8.46825362445998e-05
"2014-05-05 00:00:00",1.09820416550974e-05
"2014-05-05 02:00:00",2.04892500755705e-05
"2014-05-05 04:00:00",2.79682755767681e-05
"2014-05-05 06:00:00",2.41327301787351e-05
"2014-05-05 08:00:00",4.42455608163073e-05
"2014-05-05 10:00:00",0.000238987079160779
"2014-05-05 12:00:00",1.60608045230219e-05
"2014-05-05 14:00:00",2.5721680737206e-05
"2014-05-05 16:00:00",4.32504003883878e-05
"2014-05-05 18:00:00",2.36387416362049e-05
"2014-05-05 20:00:00",7.58648675273435e-05
"2014-05-05 22:00:00",0.000110815585729142
"2014-05-06 00:00:00",6.6132639998159e-05
"2014-05-06 02:00:00",7.60585522334623e-05
"2014-05-06 04:00:00",6.11870564775927e-05
"2014-05-06 06:00:00",5.84648712674607e-05
"2014-05-06 08:00:00",6.63202158916647e-05
"2014-05-06 10:00:00",0.000596727263209232
"2014-05-06 12:00:00",0.000244212720579981
"2014-05-06 14:00:00",2.14672117522241e-05
"2014-05-06 16:00:00",0.306109310703818
"2014-05-06 18:00:00",0.225451248523663
"2014-05-06 20:00:00",1.16383110648394
"2014-05-06 22:00:00",0.00204572254273126
"2014-05-23 00:00:00",6.81698106564907
"2014-05-23 02:00:00",0.110225511538688
"2014-05-23 04:00:00",7.83803085142793
"2014-05-23 06:00:00",0.000314990656297141
"2014-05-23 08:00:00",6.26429893271392
"2014-05-23 10:00:00",2.53700628901809
"2014-05-23 12:00:00",0.000458888439355178
"2014-05-23 14:00:00",3.03617385498001e-06
"2014-05-23 16:00:00",1.13856051149685
"2014-05-23 18:00:00",4.30564668249644e-06
"2014-05-23 20:00:00",2.0664716594913
"2014-05-23 22:00:00",1.37064902444649
"2014-05-24 00:00:00",0.0342425169684043
"2014-05-24 02:00:00",4.2392145503527e-05
"2014-05-24 04:00:00",8.36556673877733
"2014-05-24 06:00:00",3.08533608722428e-06
"2014-05-24 08:00:00",0.516689677098318
"2014-05-24 10:00:00",0.000820785292784421
"2014-05-24 12:00:00",0.00185591600709085
"2014-05-24 14:00:00",0.00115404343838736
"2014-05-24 16:00:00",0.405437845004257
"2014-05-24 18:00:00",0.000391055953387422
"2014-05-24 20:00:00",0.000125465487811653
"2014-05-24 22:00:00",0.00750222596960066
"2014-05-25 00:00:00",0.841009419731796
"2014-05-25 02:00:00",0.0622972308755852
"2014-05-25 04:00:00",0.713653131539293
"2014-05-25 06:00:00",8.09634278948579e-06
"2014-05-25 08:00:00",1.88953642726922
"2014-05-25 10:00:00",0.00035400796293743
"2014-05-25 12:00:00",6.56388452910306
"2014-05-25 14:00:00",0.240982811451424
"2014-05-25 16:00:00",6.28701618638843e-05
"2014-05-25 18:00:00",0.00124716114112789
"2014-05-25 20:00:00",9.32995543344039
"2014-05-25 22:00:00",3.67121257700725
"2014-05-26 00:00:00",0.0751323380646609
"2014-05-26 02:00:00",0.0445503345404518
"2014-05-26 04:00:00",0.287500611225259
"2014-05-26 06:00:00",1.98492311990494
"2014-05-26 08:00:00",0.00939252173863497
"2014-05-26 10:00:00",1.29849253082019
"2014-05-26 12:00:00",0.000904963141761073
"2014-05-26 14:00:00",0.0955724110930742
"2014-05-26 16:00:00",0.00255465332845552
"2014-05-26 18:00:00",0.860499420552514
"2014-05-26 20:00:00",3.89094960336399
"2014-05-26 22:00:00",0.03150684139125
"2014-06-12 00:00:00",6.44972808640887e-06
"2014-06-12 02:00:00",1.39517483703457e-05
"2014-06-12 04:00:00",8.08049323682099e-05
"2014-06-12 06:00:00",0.00100354307563703
"2014-06-12 08:00:00",0.000737228022309864
"2014-06-12 10:00:00",0.000524834956145241
"2014-06-12 12:00:00",0.00129650121135592
"2014-06-12 14:00:00",9.31414744627546e-06
"2014-06-12 16:00:00",8.3074266976837e-06
"2014-06-12 18:00:00",0.000551841997056727
"2014-06-12 20:00:00",8.13657495200459e-07
"2014-06-12 22:00:00",7.39092856747447e-07
"2014-06-13 00:00:00",6.08114205897436e-06
"2014-06-13 02:00:00",6.03061922770394e-05
"2014-06-13 04:00:00",0.000206266219068766
"2014-06-13 06:00:00",0.000450049045517062
"2014-06-13 08:00:00",2.87063077239509e-05
"2014-06-13 10:00:00",0.000939291072295418
"2014-06-13 12:00:00",0.00106346621887542
"2014-06-13 14:00:00",2.74192710130592e-05
"2014-06-13 16:00:00",5.43671729374182e-05
"2014-06-13 18:00:00",0.000187308495143952
"2014-06-13 20:00:00",1.00879151277695e-05
"2014-06-13 22:00:00",6.78464915199584e-06
"2014-06-14 00:00:00",1.51728278342489e-05
"2014-06-14 02:00:00",7.98537025275436e-06
"2014-06-14 04:00:00",3.29584398150473e-06
"2014-06-14 06:00:00",0.000547014748912261
"2014-06-14 08:00:00",0.00057808814965756
"2014-06-14 10:00:00",0.000125098809462997
"2014-06-14 12:00:00",0.00024698561393825
"2014-06-14 14:00:00",0.000681813767861513
"2014-06-14 16:00:00",0.00057109191313566
"2014-06-14 18:00:00",0.0012189114397911
"2014-06-14 20:00:00",0.000337867549038492
"2014-06-14 22:00:00",0.00055479189593234
"2014-06-15 00:00:00",9.178011289805e-06
"2014-06-15 02:00:00",9.1521216018009e-06
"2014-06-15 04:00:00",0.000125574673024403
"2014-06-15 06:00:00",0.000390960439846367
"2014-06-15 08:00:00",0.000448128883267145
"2014-06-15 10:00:00",0.000238538840834735
"2014-06-15 12:00:00",0.000638499481829513
"2014-06-15 14:00:00",0.000789956903708116
"2014-06-15 16:00:00",0.0038169464518337
"2014-06-15 18:00:00",0.00407390160936393
"2014-06-15 20:00:00",4.06230367003195
"2014-06-15 22:00:00",7.77940423504589
"2014-07-02 00:00:00",2.38117077378774e-06
"2014-07-02 02:00:00",2.02865714936706e-06
"2014-07-02 04:00:00",6.75894331789095e-06
"2014-07-02 06:00:00",1.87940070168224e-05
"2014-07-02 08:00:00",4.83815270908963e-05
"2014-07-02 10:00:00",1.47107380730631e-05
"2014-07-02 12:00:00",4.36527237538939e-05
"2014-07-02 14:00:00",0.000511918964096367
"2014-07-02 16:00:00",0.00740054528799828
"2014-07-02 18:00:00",0.102761323740851
"2014-07-02 20:00:00",6.50554446986178
"2014-07-02 22:00:00",9.32748812152445
"2014-07-03 00:00:00",10.3872916361913
"2014-07-03 02:00:00",1.71304075425031
"2014-07-03 04:00:00",0.0214392083597395
"2014-07-03 06:00:00",0.00442092431613401
"2014-07-03 08:00:00",8.50929245762018e-05
"2014-07-03 10:00:00",4.73829276170363e-05
"2014-07-03 12:00:00",7.03214846130322e-05
"2014-07-03 14:00:00",0.000108369474215124
"2014-07-03 16:00:00",2.98842769002476e-05
"2014-07-03 18:00:00",0.000993203585244373
"2014-07-03 20:00:00",0.252732740939595
"2014-07-03 22:00:00",0.00126046150098773
"2014-07-04 00:00:00",5.68888942239028e-05
"2014-07-04 02:00:00",3.76252134160495e-05
"2014-07-04 04:00:00",8.18447349756752e-05
"2014-07-04 06:00:00",4.1180671604252e-05
"2014-07-04 08:00:00",8.22293671740226e-05
"2014-07-04 10:00:00",0.000185242414263485
"2014-07-04 12:00:00",5.96647765914895e-05
"2014-07-04 14:00:00",2.40733506711877e-05
"2014-07-04 16:00:00",6.22480379461194e-05
"2014-07-04 18:00:00",0.000133055290172251
"2014-07-04 20:00:00",5.25830860929091e-05
"2014-07-04 22:00:00",6.69380545105014e-06
"2014-07-05 00:00:00",1.76697004553716e-05
"2014-07-05 02:00:00",6.37655366062972e-06
"2014-07-05 04:00:00",6.80214958083525e-06
"2014-07-05 06:00:00",8.40666039648568e-05
"2014-07-05 08:00:00",0.00056863537299796
"2014-07-05 10:00:00",0.000109794234027504
"2014-07-05 12:00:00",8.11406227935549e-05
"2014-07-05 14:00:00",1.92457866860423e-05
"2014-07-05 16:00:00",6.47036965074221e-06
"2014-07-05 18:00:00",1.41411445210906e-05
"2014-07-05 20:00:00",4.46435875255702e-06
"2014-07-05 22:00:00",5.01190347677039e-06
"2014-07-22 00:00:00",0.0083622440047402
"2014-07-22 02:00:00",0.0164384023838702
"2014-07-22 04:00:00",0.0208032098458821
"2014-07-22 06:00:00",0.0419582589958177
"2014-07-22 08:00:00",0.000262119462305236
"2014-07-22 10:00:00",0.0505272124268886
"2014-07-22 12:00:00",0.075502339421646
"2014-07-22 14:00:00",0.0343933772335135
"2014-07-22 16:00:00",0.0823468951161131
"2014-07-22 18:00:00",0.0998141181133005
"2014-07-22 20:00:00",0.00612569003084718
"2014-07-22 22:00:00",0.000211862825015942
"2014-07-23 00:00:00",0.000454447874409652
"2014-07-23 02:00:00",0.00100718988386916
"2014-07-23 04:00:00",8.28491234597095e-06
"2014-07-23 06:00:00",0.00122930304764895
"2014-07-23 08:00:00",0.000138403896461568
"2014-07-23 10:00:00",0.00182787525485583
"2014-07-23 12:00:00",0.530857141350287
"2014-07-23 14:00:00",4.30019651771545e-05
"2014-07-23 16:00:00",0.45455992774677
"2014-07-23 18:00:00",0.382282133660003
"2014-07-23 20:00:00",0.460237896240001
"2014-07-23 22:00:00",5.28990821089792e-05
"2014-07-24 00:00:00",8.57334753300165e-06
"2014-07-24 02:00:00",3.71896477508926e-06
"2014-07-24 04:00:00",0.542845115349744
"2014-07-24 06:00:00",2.63557928915361e-05
"2014-07-24 08:00:00",0.00526440427938996
"2014-07-24 10:00:00",0.0541474781531278
"2014-07-24 12:00:00",0.752447900551604
"2014-07-24 14:00:00",0.943506127497647
"2014-07-24 16:00:00",1.06313637797418
"2014-07-24 18:00:00",4.38463208547546e-06
"2014-07-24 20:00:00",0.00200978452870368
"2014-07-24 22:00:00",1.02008430445986
"2014-07-25 00:00:00",1.22735507250577
"2014-07-25 02:00:00",0.0120439187869697
"2014-07-25 04:00:00",0.0293651410016023
"2014-07-25 06:00:00",1.06924652976356
"2014-07-25 08:00:00",6.94904905230942e-06
"2014-07-25 10:00:00",0.000880303976737196
"2014-07-25 12:00:00",0.000110166469075011
"2014-07-25 14:00:00",5.86614420672049e-06
"2014-07-25 16:00:00",0.262701285307528
"2014-07-25 18:00:00",0.92078736964229
"2014-07-25 20:00:00",3.05692088252958
"2014-07-25 22:00:00",4.78804303597826e-05
"2014-08-11 00:00:00",1.76444563303448e-05
"2014-08-11 02:00:00",1.25186872173799e-05
"2014-08-11 04:00:00",2.24185367674181e-05
"2014-08-11 06:00:00",5.35451072360047e-05
"2014-08-11 08:00:00",5.35133854114065e-05
"2014-08-11 10:00:00",7.14708491436795e-05
"2014-08-11 12:00:00",5.50924211679558e-05
"2014-08-11 14:00:00",1.83469151043028e-05
"2014-08-11 16:00:00",9.86279625008137e-05
"2014-08-11 18:00:00",3.2538894539357e-05
"2014-08-11 20:00:00",8.11830966404159e-06
"2014-08-11 22:00:00",5.37883827564656e-06
"2014-08-12 00:00:00",5.72094660219591e-06
"2014-08-12 02:00:00",5.01659954670686e-06
"2014-08-12 04:00:00",3.83983967685708e-06
"2014-08-12 06:00:00",1.31145157188257e-05
"2014-08-12 08:00:00",2.27118244692974e-05
"2014-08-12 10:00:00",5.33776081083488e-05
"2014-08-12 12:00:00",2.09454451860438e-05
"2014-08-12 14:00:00",1.4527650045693e-05
"2014-08-12 16:00:00",0.000109664404438718
"2014-08-12 18:00:00",4.96805902139386e-06
"2014-08-12 20:00:00",5.06760487178326e-06
"2014-08-12 22:00:00",1.21343556579632e-05
"2014-08-13 00:00:00",3.27885693832286e-06
"2014-08-13 02:00:00",7.10849380357104e-06
"2014-08-13 04:00:00",9.95611122107221e-07
"2014-08-13 06:00:00",2.23592834436204e-06
"2014-08-13 08:00:00",2.33161362084502e-05
"2014-08-13 10:00:00",0.000181907212678198
"2014-08-13 12:00:00",1.49062700916147e-05
"2014-08-13 14:00:00",1.65332673154808e-05
"2014-08-13 16:00:00",7.56590968512683e-06
"2014-08-13 18:00:00",5.71459092088844e-06
"2014-08-13 20:00:00",1.31208415309629e-05
"2014-08-13 22:00:00",5.17728782642735e-06
"2014-08-14 00:00:00",1.85508973349897e-05
"2014-08-14 02:00:00",4.61555769788902e-06
"2014-08-14 04:00:00",5.4516780924132e-06
"2014-08-14 06:00:00",7.74943156056906e-06
"2014-08-14 08:00:00",0.000140216133496324
"2014-08-14 10:00:00",9.61944111077173e-05
"2014-08-14 12:00:00",4.77124592271139e-06
"2014-08-14 14:00:00",8.21799634059062e-06
"2014-08-14 16:00:00",9.77185487568022e-05
"2014-08-14 18:00:00",5.10351051843827e-06
"2014-08-14 20:00:00",2.5402223693618e-05
"2014-08-14 22:00:00",4.22981389556298e-06
"2014-08-31 00:00:00",0.000224438508504591
"2014-08-31 02:00:00",0.000501934204480221
"2014-08-31 04:00:00",0.000167428651266164
"2014-08-31 06:00:00",0.00018249557036188
"2014-08-31 08:00:00",0.000227995790621208
"2014-08-31 10:00:00",0.000950512527291721
"2014-08-31 12:00:00",0.000238952449947647
"2014-08-31 14:00:00",0.000208269757471953
"2014-08-31 16:00:00",0.00020148157360245
"2014-08-31 18:00:00",0.00150205307338683
"2014-08-31 20:00:00",0.000346493908196408
"2014-08-31 22:00:00",0.000240000518590932
"2014-09-01 00:00:00",0.000100519314738449
"2014-09-01 02:00:00",9.91718771988417e-05
"2014-09-01 04:00:00",2.69440887218479e-05
"2014-09-01 06:00:00",5.26803132920577e-05
"2014-09-01 08:00:00",0.000935234196882448
"2014-09-01 10:00:00",0.000280978221914665
"2014-09-01 12:00:00",3.09169859224312e-05
"2014-09-01 14:00:00",3.86083950093052e-05
"2014-09-01 16:00:00",5.1521112966384e-05
"2014-09-01 18:00:00",9.8763156665882e-05
"2014-09-01 20:00:00",4.59323662025781e-05
"2014-09-01 22:00:00",2.27605768063768e-05
"2014-09-02 00:00:00",2.77811680557534e-05
"2014-09-02 02:00:00",0.000104303443431945
"2014-09-02 04:00:00",6.71474230766762e-05
"2014-09-02 06:00:00",8.32955969040086e-05
"2014-09-02 08:00:00",3.61492287793226e-05
"2014-09-02 10:00:00",4.73110848483884e-05
"2014-09-02 12:00:00",9.18416071872343e-05
"2014-09-02 14:00:00",0.000105222013693947
"2014-09-02 16:00:00",5.93331936556751e-05
"2014-09-02 18:00:00",2.86058064580175e-05
"2014-09-02 20:00:00",2.77093051677184e-05
"2014-09-02 22:00:00",0.000163377545443836
"2014-09-03 00:00:00",0.000142835783902683
"2014-09-03 02:00:00",0.000432222202232424
"2014-09-03 04:00:00",0.000398125045041979
"2014-09-03 06:00:00",3.72442161237814e-05
"2014-09-03 08:00:00",0.000152997756044442
"2014-09-03 10:00:00",0.000218458512338657
"2014-09-03 12:00:00",0.00020609114853869
"2014-09-03 14:00:00",6.27558263208812e-05
"2014-09-03 16:00:00",8.89312104959572e-05
"2014-09-03 18:00:00",3.44572994749797e-05
"2014-09-03 20:00:00",0.000137951186491136
"2014-09-03 22:00:00",2.81888325739601e-05
"2014-09-20 00:00:00",9.18149917911251e-05
"2014-09-20 02:00:00",7.13953462172867e-05
"2014-09-20 04:00:00",8.20678955301446e-05
"2014-09-20 06:00:00",9.07508572513507e-05
"2014-09-20 08:00:00",0.000260946049177619
"2014-09-20 10:00:00",0.00103562205055641
"2014-09-20 12:00:00",0.00115377578300695
"2014-09-20 14:00:00",0.000683283540730372
"2014-09-20 16:00:00",0.000610768162795466
"2014-09-20 18:00:00",0.000369483970198871
"2014-09-20 20:00:00",0.000105871393405323
"2014-09-20 22:00:00",0.000147306235396172
"2014-09-21 00:00:00",0.000304927233580202
"2014-09-21 02:00:00",0.000663063322744165
"2014-09-21 04:00:00",0.000558212649548295
"2014-09-21 06:00:00",0.000920974978098457
"2014-09-21 08:00:00",0.00176165892374138
"2014-09-21 10:00:00",0.00280924020270504
"2014-09-21 12:00:00",0.000792755624024721
"2014-09-21 14:00:00",0.000357584846298778
"2014-09-21 16:00:00",0.000247234680686233
"2014-09-21 18:00:00",0.000134269309818137
"2014-09-21 20:00:00",0.000155117182061076
"2014-09-21 22:00:00",0.000162584408592011
"2014-09-22 00:00:00",0.000276012178338988
"2014-09-22 02:00:00",0.000428160239556746
"2014-09-22 04:00:00",0.000358850092545254
"2014-09-22 06:00:00",0.000646662522685801
"2014-09-22 08:00:00",0.00145154395310192
"2014-09-22 10:00:00",0.00344884258841466
"2014-09-22 12:00:00",0.00547065348008437
"2014-09-22 14:00:00",0.00489778621099094
"2014-09-22 16:00:00",0.00121424717739728
"2014-09-22 18:00:00",0.00077530268299779
"2014-09-22 20:00:00",0.00165242932528508
"2014-09-22 22:00:00",0.000169712584734043
"2014-09-23 00:00:00",0.000299407703664201
"2014-09-23 02:00:00",5.46345640168511e-06
"2014-09-23 04:00:00",5.75970113609401e-05
"2014-09-23 06:00:00",0.00016577161491341
"2014-09-23 08:00:00",0.000195836796847288
"2014-09-23 10:00:00",0.00669323251571859
"2014-09-23 12:00:00",0.00361728505282008
"2014-09-23 14:00:00",0.0028439963746614
"2014-09-23 16:00:00",0.000888124694586622
"2014-09-23 18:00:00",0.00152560259059737
"2014-09-23 20:00:00",0.00177248933415603
"2014-09-23 22:00:00",0.000812853605787041
"2014-10-10 00:00:00",0.000102169683598731
"2014-10-10 02:00:00",6.70982157857907e-05
"2014-10-10 04:00:00",9.29012850101572e-05
"2014-10-10 06:00:00",0.00011868303317442
"2014-10-10 08:00:00",0.000145793389074242
"2014-10-10 10:00:00",0.000207328770792628
"2014-10-10 12:00:00",0.000363500098372242
"2014-10-10 14:00:00",0.000781026964174089
"2014-10-10 16:00:00",0.0147649980674132
"2014-10-10 18:00:00",0.000448527806310267
"2014-10-10 20:00:00",0.000265297458126042
"2014-10-10 22:00:00",0.000273670639870943
"2014-10-11 00:00:00",0.000233057397228549
"2014-10-11 02:00:00",0.000175298245749218
"2014-10-11 04:00:00",0.000462996031044895
"2014-10-11 06:00:00",0.000729831553660915
"2014-10-11 08:00:00",0.000294012927123731
"2014-10-11 10:00:00",0.000345901400068215
"2014-10-11 12:00:00",0.000685610845848714
"2014-10-11 14:00:00",0.00191688913025791
"2014-10-11 16:00:00",0.00123394275047758
"2014-10-11 18:00:00",0.000838570236087435
"2014-10-11 20:00:00",0.145604223642906
"2014-10-11 22:00:00",0.00189982941464768
"2014-10-12 00:00:00",0.126243239209813
"2014-10-12 02:00:00",0.714689600540791
"2014-10-12 04:00:00",6.01316302902321
"2014-10-12 06:00:00",5.72130658427556
"2014-10-12 08:00:00",3.30822315570479
"2014-10-12 10:00:00",0.124379006805364
"2014-10-12 12:00:00",0.00251454619681681
"2014-10-12 14:00:00",0.00185006554803385
"2014-10-12 16:00:00",0.0077700717658754
"2014-10-12 18:00:00",0.0141635843795302
"2014-10-12 20:00:00",1.47271130536683
"2014-10-12 22:00:00",7.74482488429872
"2014-10-13 00:00:00",6.47612220957736
"2014-10-13 02:00:00",5.21883010982769
"2014-10-13 04:00:00",2.33781865822407
"2014-10-13 06:00:00",2.61121667962754
"2014-10-13 08:00:00",0.981082313789986
"2014-10-13 10:00:00",0.00892215062663308
"2014-10-13 12:00:00",0.00626907328185462
"2014-10-13 14:00:00",0.00521903313891471
"2014-10-13 16:00:00",0.00221420526746351
"2014-10-13 18:00:00",0.0624463664477025
"2014-10-13 20:00:00",6.81414456554223
"2014-10-13 22:00:00",9.35562247404456
"2014-12-09 00:00:00",0.000191270300488668
"2014-12-09 02:00:00",5.31289531672883e-05
"2014-12-09 04:00:00",7.14741729461821e-05
"2014-12-09 06:00:00",0.000677882189434513
"2014-12-09 08:00:00",0.000940525054854334
"2014-12-09 10:00:00",0.00137811977691899
"2014-12-09 12:00:00",0.000181958959602525
"2014-12-09 14:00:00",5.98002296405866e-05
"2014-12-09 16:00:00",0.000288436500185981
"2014-12-09 18:00:00",2.51507213270088e-05
"2014-12-09 20:00:00",1.32382061128737e-05
"2014-12-09 22:00:00",1.16675228118766e-05
"2014-12-10 00:00:00",1.72669000589849e-05
"2014-12-10 02:00:00",9.75977913321913e-06
"2014-12-10 04:00:00",1.7959859304483e-05
"2014-12-10 06:00:00",5.80440893145351e-06
"2014-12-10 08:00:00",0.000393005024815466
"2014-12-10 10:00:00",0.000226419737913147
"2014-12-10 12:00:00",0.000204720314871338
"2014-12-10 14:00:00",3.26629956225588e-06
"2014-12-10 16:00:00",0.000586229534305403
"2014-12-10 18:00:00",0.0012181485467604
"2014-12-10 20:00:00",5.36878340926705e-06
"2014-12-10 22:00:00",4.73278228314484e-05
"2014-12-11 00:00:00",2.35909165680823e-05
"2014-12-11 02:00:00",0.00241637671977378
"2014-12-11 04:00:00",0.000707043456275187
"2014-12-11 06:00:00",0.000713597546214714
"2014-12-11 08:00:00",0.000136503148521115
"2014-12-11 10:00:00",4.22447905821173e-05
"2014-12-11 12:00:00",0.000355316640244837
"2014-12-11 14:00:00",0.000337205138510853
"2014-12-11 16:00:00",0.000111876787493202
"2014-12-11 18:00:00",0.000141518646732038
"2014-12-11 20:00:00",0.000106286864400317
"2014-12-11 22:00:00",2.538156808032e-05
"2014-12-12 00:00:00",1.40151402456468e-06
"2014-12-12 02:00:00",1.49510936671504e-06
"2014-12-12 04:00:00",1.89168545666689e-05
"2014-12-12 06:00:00",1.00907353657931e-05
"2014-12-12 08:00:00",1.5461486541426e-05
"2014-12-12 10:00:00",5.87716924746928e-06
"2014-12-12 12:00:00",3.80288762053169e-05
"2014-12-12 14:00:00",4.60506435638308e-06
"2014-12-12 16:00:00",2.75733156372553e-05
"2014-12-12 18:00:00",2.27651197451451e-05
"2014-12-12 20:00:00",1.63722788397536e-05
"2014-12-12 22:00:00",1.10232653196363e-06
"2014-12-29 00:00:00",0.0161666594191884
"2014-12-29 02:00:00",4.86297252632538
"2014-12-29 04:00:00",0.189491695144912
"2014-12-29 06:00:00",4.14490747193713
"2014-12-29 08:00:00",0.000284309453850256
"2014-12-29 10:00:00",5.09753585276403
"2014-12-29 12:00:00",0.00979398280057649
"2014-12-29 14:00:00",0.000586228927287721
"2014-12-29 16:00:00",0.0130617224113898
"2014-12-29 18:00:00",0.00020119424350878
"2014-12-29 20:00:00",0.82364312988543
"2014-12-29 22:00:00",2.53575312669994
"2014-12-30 00:00:00",0.08280630309141
"2014-12-30 02:00:00",0.000527256194216079
"2014-12-30 04:00:00",0.00118144811576758
"2014-12-30 06:00:00",3.00384591115499
"2014-12-30 08:00:00",3.27559496281296
"2014-12-30 10:00:00",0.0426417571958227
"2014-12-30 12:00:00",0.236751583338366
"2014-12-30 14:00:00",2.89025276396354
"2014-12-30 16:00:00",0.000596077983280793
"2014-12-30 18:00:00",0.000568620743749761
"2014-12-30 20:00:00",0.257913982477956
"2014-12-30 22:00:00",1.91435471196542
"2014-12-31 00:00:00",0.578637217322444
"2014-12-31 02:00:00",1.71013874015829
"2014-12-31 04:00:00",0.00139626135637673
"2014-12-31 06:00:00",0.000414586404440797
"2014-12-31 08:00:00",0.00159400048047792
"2014-12-31 10:00:00",1.80802385417273
"2014-12-31 12:00:00",0.114150137267963
"2014-12-31 14:00:00",1.4335455666412
"2014-12-31 16:00:00",0.0052711503680257
"2014-12-31 18:00:00",0.135584117376307
"2014-12-31 20:00:00",1.16017888424421
"2014-12-31 22:00:00",0.10440351138838
"2015-01-01 00:00:00",0.608974289574877
"2015-01-01 02:00:00",0.564223617775293
"2015-01-01 04:00:00",0.472895659773705
"2015-01-01 06:00:00",0.00547545957730972
"2015-01-01 08:00:00",0.160798164571603
"2015-01-01 10:00:00",0.070714235819129
"2015-01-01 12:00:00",0.0117733879997395
"2015-01-01 14:00:00",2.89902188501401e-05
"2015-01-01 16:00:00",0.0117598035596197
"2015-01-01 18:00:00",0.01851619394318
"2015-01-01 20:00:00",0.00698537587992814
"2015-01-01 22:00:00",0.0081380578791518
"2015-01-18 00:00:00",2.47732056617504
"2015-01-18 02:00:00",2.38259302670276
"2015-01-18 04:00:00",1.89654727977328
"2015-01-18 06:00:00",1.18655821105791
"2015-01-18 08:00:00",1.13172497093352
"2015-01-18 10:00:00",0.725047778642278
"2015-01-18 12:00:00",0.412924018797014
"2015-01-18 14:00:00",0.240017956527159
"2015-01-18 16:00:00",3.20061250468437
"2015-01-18 18:00:00",7.35900719188782
"2015-01-18 20:00:00",9.95756633820012
"2015-01-18 22:00:00",11.2590478972867
"2015-01-19 00:00:00",14.4803083607629
"2015-01-19 02:00:00",13.1584361914643
"2015-01-19 04:00:00",13.7940003662813
"2015-01-19 06:00:00",11.0209924128493
"2015-01-19 08:00:00",12.0049451146075
"2015-01-19 10:00:00",12.2776581688887
"2015-01-19 12:00:00",9.43801254305476
"2015-01-19 14:00:00",0.630698597811162
"2015-01-19 16:00:00",0.577608907942893
"2015-01-19 18:00:00",0.506805887125665
"2015-01-19 20:00:00",5.08433795068692
"2015-01-19 22:00:00",5.23677538429527
"2015-01-20 00:00:00",7.34319087400986
"2015-01-20 02:00:00",1.77979945613304
"2015-01-20 04:00:00",5.64693422390008
"2015-01-20 06:00:00",3.19577004467929
"2015-01-20 08:00:00",0.715403685539113
"2015-01-20 10:00:00",0.334703430212985
"2015-01-20 12:00:00",0.41903647895667
"2015-01-20 14:00:00",0.0613807616529075
"2015-01-20 16:00:00",0.130179724865491
"2015-01-20 18:00:00",6.52912715868559
"2015-01-20 20:00:00",9.24027171868505
"2015-01-20 22:00:00",11.0847503554965
"2015-01-21 00:00:00",8.58092023819545
"2015-01-21 02:00:00",9.01280429738946
"2015-01-21 04:00:00",8.28669853948476
"2015-01-21 06:00:00",7.24043203659914
"2015-01-21 08:00:00",2.93403543184185
"2015-01-21 10:00:00",0.174508978504047
"2015-01-21 12:00:00",0.0365525667701022
"2015-01-21 14:00:00",0.0698123090641602
"2015-01-21 16:00:00",0.254962251432473
"2015-01-21 18:00:00",1.25636571461195
"2015-01-21 20:00:00",5.0438869296643
"2015-01-21 22:00:00",2.83010485616978
"2015-02-07 00:00:00",2.05787771376921
"2015-02-07 02:00:00",2.02196358828072
"2015-02-07 04:00:00",2.71263146516122
"2015-02-07 06:00:00",4.40175351170311
"2015-02-07 08:00:00",2.9464113051258
"2015-02-07 10:00:00",0.285722643852874
"2015-02-07 12:00:00",0.033325691319711
"2015-02-07 14:00:00",0.027856797322429
"2015-02-07 16:00:00",0.0394883477369149
"2015-02-07 18:00:00",0.74993192726851
"2015-02-07 20:00:00",4.99082358803321
"2015-02-07 22:00:00",2.46425819034455
"2015-02-08 00:00:00",2.48967444307311
"2015-02-08 02:00:00",2.99585425459454
"2015-02-08 04:00:00",0.371709674411584
"2015-02-08 06:00:00",0.02625918368563
"2015-02-08 08:00:00",0.0141578827814415
"2015-02-08 10:00:00",0.00648495508143424
"2015-02-08 12:00:00",0.000546769189026236
"2015-02-08 14:00:00",1.39122225559731e-05
"2015-02-08 16:00:00",0.00180944975986358
"2015-02-08 18:00:00",0.00927369051726282
"2015-02-08 20:00:00",0.0666714734320049
"2015-02-08 22:00:00",0.0114825869087076
"2015-02-09 00:00:00",0.000524822274841881
"2015-02-09 02:00:00",0.0587194932273692
"2015-02-09 04:00:00",0.0596712542874757
"2015-02-09 06:00:00",0.0622957646359428
"2015-02-09 08:00:00",0.0118644551640723
"2015-02-09 10:00:00",0.0100471649180763
"2015-02-09 12:00:00",0.00259084926162814
"2015-02-09 14:00:00",0.0419719073929518
"2015-02-09 16:00:00",0.368688248807885
"2015-02-09 18:00:00",0.116043541700594
"2015-02-09 20:00:00",0.01554746669413
"2015-02-09 22:00:00",0.248187453084931
"2015-02-10 00:00:00",1.55360222558095
"2015-02-10 02:00:00",0.125648721462305
"2015-02-10 04:00:00",0.0145766969864849
"2015-02-10 06:00:00",0.0327363909647256
"2015-02-10 08:00:00",0.000559706015635584
"2015-02-10 10:00:00",0.00104163474219058
"2015-02-10 12:00:00",0.00584306882825194
"2015-02-10 14:00:00",0.00020020288669275
"2015-02-10 16:00:00",0.00494674275924581
"2015-02-10 18:00:00",0.00146491544903847
"2015-02-10 20:00:00",0.00107696620808611
"2015-02-10 22:00:00",3.38914079488859e-05
"2015-02-27 00:00:00",3.29533923995768e-05
"2015-02-27 02:00:00",3.86032238679945e-05
"2015-02-27 04:00:00",3.20371996940594e-05
"2015-02-27 06:00:00",3.86032238679945e-05
"2015-02-27 08:00:00",6.11632420850583e-06
"2015-02-27 10:00:00",0.000781404144932821
"2015-02-27 12:00:00",0.00035337677690768
"2015-02-27 14:00:00",6.74950788225033e-05
"2015-02-27 16:00:00",0.000974274771295768
"2015-02-27 18:00:00",7.95572548249765e-05
"2015-02-27 20:00:00",2.65610834803738e-05
"2015-02-27 22:00:00",3.39372972548517e-05
"2015-02-28 00:00:00",0.000355983479480074
"2015-02-28 02:00:00",0.000387248773868123
"2015-02-28 04:00:00",0.000498042438728135
"2015-02-28 06:00:00",0.000428365741473954
"2015-02-28 08:00:00",0.000430478638234945
"2015-02-28 10:00:00",0.00473833632732021
"2015-02-28 12:00:00",0.00106757235408895
"2015-02-28 14:00:00",0.000639059752816138
"2015-02-28 16:00:00",0.000533186329656019
"2015-02-28 18:00:00",0.000516057985995758
"2015-02-28 20:00:00",0.000309529833051329
"2015-02-28 22:00:00",0.000357447642565603
"2015-03-01 00:00:00",2.91671542058793e-05
"2015-03-01 02:00:00",0.00047939100444637
"2015-03-01 04:00:00",0.000224212771463499
"2015-03-01 06:00:00",0.000418832953056153
"2015-03-01 08:00:00",0.000111419486254363
"2015-03-01 10:00:00",0.00182259264936965
"2015-03-01 12:00:00",0.000347419698733574
"2015-03-01 14:00:00",0.000342064910937552
"2015-03-01 16:00:00",0.000874546181836195
"2015-03-01 18:00:00",0.000356631298927368
"2015-03-01 20:00:00",0.000245804924777985
"2015-03-01 22:00:00",1.63274894835013e-05
"2015-03-02 00:00:00",1.44642062746243e-05
"2015-03-02 02:00:00",1.43190800995399e-05
"2015-03-02 04:00:00",2.3384276753859e-05
"2015-03-02 06:00:00",0.000255778236193692
"2015-03-02 08:00:00",0.000580678072746196
"2015-03-02 10:00:00",0.000568322004547554
"2015-03-02 12:00:00",0.000719189528597781
"2015-03-02 14:00:00",0.000573324908019458
"2015-03-02 16:00:00",6.04344610137559e-05
"2015-03-02 18:00:00",2.22375314447163e-05
"2015-03-02 20:00:00",8.68994724969525e-05
"2015-03-02 22:00:00",8.64923108470066e-05
"2015-03-19 00:00:00",8.31947229823563
"2015-03-19 02:00:00",8.15570972112939
"2015-03-19 04:00:00",6.5039204738345
"2015-03-19 06:00:00",8.31935458215978
"2015-03-19 08:00:00",5.02568140845327
"2015-03-19 10:00:00",2.85193729065731
"2015-03-19 12:00:00",2.33523987941025
"2015-03-19 14:00:00",3.86549851638963
"2015-03-19 16:00:00",2.2952383147967
"2015-03-19 18:00:00",4.79603323958628
"2015-03-19 20:00:00",5.17851541023375
"2015-03-19 22:00:00",3.68298319955496
"2015-03-20 00:00:00",3.56829875696078
"2015-03-20 02:00:00",4.41221721064439
"2015-03-20 04:00:00",3.38676534056058
"2015-03-20 06:00:00",2.86567009189446
"2015-03-20 08:00:00",2.01908354977262
"2015-03-20 10:00:00",1.42719365291437
"2015-03-20 12:00:00",1.95092589133279
"2015-03-20 14:00:00",1.6312762336859
"2015-03-20 16:00:00",0.824584010323975
"2015-03-20 18:00:00",1.06514825639513
"2015-03-20 20:00:00",1.503531609545
"2015-03-20 22:00:00",2.93758758112788
"2015-03-21 00:00:00",1.62422594452347
"2015-03-21 02:00:00",2.23387687607901
"2015-03-21 04:00:00",1.33031950629153
"2015-03-21 06:00:00",1.85305036658444
"2015-03-21 08:00:00",3.27598748660134
"2015-03-21 10:00:00",3.16057440593606
"2015-03-21 12:00:00",0.809236464427086
"2015-03-21 14:00:00",1.15253056359175
"2015-03-21 16:00:00",0.88418747673789
"2015-03-21 18:00:00",0.634781849679362
"2015-03-21 20:00:00",1.50178569843783
"2015-03-21 22:00:00",1.5550477553024
"2015-03-22 00:00:00",1.75071452025184
"2015-03-22 02:00:00",1.67472827109555
"2015-03-22 04:00:00",1.40858417979581
"2015-03-22 06:00:00",1.44840387525782
"2015-03-22 08:00:00",0.471725266102236
"2015-03-22 10:00:00",0.197109359214432
"2015-03-22 12:00:00",0.872415464975405
"2015-03-22 14:00:00",0.699544084500987
"2015-03-22 16:00:00",4.05891595984297
"2015-03-22 18:00:00",1.69559675226314
"2015-03-22 20:00:00",1.27796607719874
"2015-03-22 22:00:00",1.73236367592588
"2015-08-06 00:00:00",6.46085814514663e-06
"2015-08-06 02:00:00",1.63036963176637e-05
"2015-08-06 04:00:00",3.9668741760579e-06
"2015-08-06 06:00:00",1.0733211513525e-05
"2015-08-06 08:00:00",3.48123693661364e-05
"2015-08-06 10:00:00",0.000193170615332292
"2015-08-06 12:00:00",7.33567179440797e-06
"2015-08-06 14:00:00",7.0520948221656e-05
"2015-08-06 16:00:00",1.22405059787525e-05
"2015-08-06 18:00:00",9.27906691367752e-06
"2015-08-06 20:00:00",1.11070008289197
"2015-08-06 22:00:00",0.362380654932582
"2015-08-07 00:00:00",0.00596745433667638
"2015-08-07 02:00:00",1.32664450543416e-05
"2015-08-07 04:00:00",1.20047265641006e-05
"2015-08-07 06:00:00",0.058134315111558
"2015-08-07 08:00:00",0.0153932490928369
"2015-08-07 10:00:00",0.0564719584755949
"2015-08-07 12:00:00",1.21661773025524
"2015-08-07 14:00:00",0.739025913770776
"2015-08-07 16:00:00",0.216447649442824
"2015-08-07 18:00:00",3.77815390288561e-05
"2015-08-07 20:00:00",2.32152642997789e-05
"2015-08-07 22:00:00",4.35307155125884e-05
"2015-08-08 00:00:00",9.22039430906807e-06
"2015-08-08 02:00:00",0.000176441709921619
"2015-08-08 04:00:00",0.0605250527731841
"2015-08-08 06:00:00",5.16430509514976e-05
"2015-08-08 08:00:00",0.000630655240893248
"2015-08-08 10:00:00",0.000188535604713252
"2015-08-08 12:00:00",1.59589873610457e-05
"2015-08-08 14:00:00",5.72903556485471e-06
"2015-08-08 16:00:00",5.28820711906519e-06
"2015-08-08 18:00:00",1.9914339513889e-06
"2015-08-08 20:00:00",4.64853624407624e-06
"2015-08-08 22:00:00",4.96083398365954e-06
"2015-08-09 00:00:00",6.88845282547845e-06
"2015-08-09 02:00:00",5.44977141544223e-06
"2015-08-09 04:00:00",3.90975111986336e-06
"2015-08-09 06:00:00",4.24533123441506e-06
"2015-08-09 08:00:00",2.26272061158852e-05
"2015-08-09 10:00:00",2.32063685866706e-05
"2015-08-09 12:00:00",0.0845646931595466
"2015-08-09 14:00:00",4.22681148870652e-05
"2015-08-09 16:00:00",0.00019202393453952
"2015-08-09 18:00:00",0.0264979641311761
"2015-08-09 20:00:00",0.0185495085623115
"2015-08-09 22:00:00",3.31290092631207e-05
"2015-08-26 00:00:00",0.358653941170895
"2015-08-26 02:00:00",0.00276333908830748
"2015-08-26 04:00:00",3.18000098518375
"2015-08-26 06:00:00",0.00015338218397801
"2015-08-26 08:00:00",2.11450608646194
"2015-08-26 10:00:00",0.000533589134616705
"2015-08-26 12:00:00",0.700727271130134
"2015-08-26 14:00:00",2.67537458862535e-05
"2015-08-26 16:00:00",0.730884485731098
"2015-08-26 18:00:00",2.82637865607115
"2015-08-26 20:00:00",4.13543502831999e-05
"2015-08-26 22:00:00",5.27649411610582e-05
"2015-08-27 00:00:00",0.00560861014333796
"2015-08-27 02:00:00",0.769935554045776
"2015-08-27 04:00:00",0.000246724009447007
"2015-08-27 06:00:00",0.000574285809538651
"2015-08-27 08:00:00",0.00462407326273478
"2015-08-27 10:00:00",2.49297542600147
"2015-08-27 12:00:00",0.324334730483679
"2015-08-27 14:00:00",1.04777303731628
"2015-08-27 16:00:00",4.76953587917706e-05
"2015-08-27 18:00:00",1.60006757383095
"2015-08-27 20:00:00",0.000104602381396489
"2015-08-27 22:00:00",0.00179461469242824
"2015-08-28 00:00:00",1.18501830581364
"2015-08-28 02:00:00",0.163572730674525
"2015-08-28 04:00:00",0.0020974592628977
"2015-08-28 06:00:00",0.264506275404477
"2015-08-28 08:00:00",0.00214152955504687
"2015-08-28 10:00:00",0.00521606414299367
"2015-08-28 12:00:00",0.519463603893848
"2015-08-28 14:00:00",5.49877612343153e-05
"2015-08-28 16:00:00",0.0503290167941886
"2015-08-28 18:00:00",0.310766358065186
"2015-08-28 20:00:00",0.0433855911057908
"2015-08-28 22:00:00",0.115391378166081
"2015-08-29 00:00:00",1.54727271133197e-05
"2015-08-29 02:00:00",0.0536429767083564
"2015-08-29 04:00:00",0.0466487766804594
"2015-08-29 06:00:00",0.0299340637340601
"2015-08-29 08:00:00",0.0282863517946571
"2015-08-29 10:00:00",0.0342697885065154
"2015-08-29 12:00:00",0.0390070227343122
"2015-08-29 14:00:00",0.0341511978484805
"2015-08-29 16:00:00",0.0435311449024553
"2015-08-29 18:00:00",0.0184620384121549
"2015-08-29 20:00:00",0.0200127079926415
"2015-08-29 22:00:00",0.000750730712589757
"2015-09-15 00:00:00",7.81618200665293
"2015-09-15 02:00:00",7.99576355802733
"2015-09-15 04:00:00",7.47469331978261
"2015-09-15 06:00:00",7.55109903722722
"2015-09-15 08:00:00",9.15475476454245
"2015-09-15 10:00:00",4.11840020435909
"2015-09-15 12:00:00",0.555429352473933
"2015-09-15 14:00:00",0.158774023202423
"2015-09-15 16:00:00",0.117868182494196
"2015-09-15 18:00:00",1.14403814566252
"2015-09-15 20:00:00",7.13613866097899
"2015-09-15 22:00:00",8.75126584347198
"2015-09-16 00:00:00",8.73980642722175
"2015-09-16 02:00:00",9.9987752610594
"2015-09-16 04:00:00",11.3588333330639
"2015-09-16 06:00:00",9.46955395857245
"2015-09-16 08:00:00",9.79791259163804
"2015-09-16 10:00:00",6.24203491003253
"2015-09-16 12:00:00",4.56592998850904
"2015-09-16 14:00:00",2.51831450389745
"2015-09-16 16:00:00",1.7667165620405
"2015-09-16 18:00:00",4.32716577241337
"2015-09-16 20:00:00",9.54592042766698
"2015-09-16 22:00:00",8.67839232441411
"2015-09-17 00:00:00",10.1954502013796
"2015-09-17 02:00:00",10.2278391813636
"2015-09-17 04:00:00",10.805026703503
"2015-09-17 06:00:00",9.57938869462907
"2015-09-17 08:00:00",5.9572683878243
"2015-09-17 10:00:00",4.68289784139395
"2015-09-17 12:00:00",0.214019188892504
"2015-09-17 14:00:00",0.203150976590172
"2015-09-17 16:00:00",0.669650273274165
"2015-09-17 18:00:00",4.75362825946184
"2015-09-17 20:00:00",10.0757400652915
"2015-09-17 22:00:00",8.73438285257388
"2015-09-18 00:00:00",7.11208530300576
"2015-09-18 02:00:00",6.34456627677381
"2015-09-18 04:00:00",4.86942696350533
"2015-09-18 06:00:00",6.82345917257387
"2015-09-18 08:00:00",7.2491929198131
"2015-09-18 10:00:00",3.58027467415575
"2015-09-18 12:00:00",0.927844560530037
"2015-09-18 14:00:00",1.06430387588963
"2015-09-18 16:00:00",0.844359651888546
"2015-09-18 18:00:00",0.638489688343892
"2015-09-18 20:00:00",0.705007459431246
"2015-09-18 22:00:00",0.264106914277509
"2015-10-05 00:00:00",0.000282532732890559
"2015-10-05 02:00:00",0.00015668837996509
"2015-10-05 04:00:00",6.30784730665255e-05
"2015-10-05 06:00:00",0.000104276446544645
"2015-10-05 08:00:00",7.13164559265351e-05
"2015-10-05 10:00:00",0.00170827592007754
"2015-10-05 12:00:00",0.000238451445409282
"2015-10-05 14:00:00",0.00157525390044702
"2015-10-05 16:00:00",0.000799299578738101
"2015-10-05 18:00:00",0.00128522632707609
"2015-10-05 20:00:00",0.000784336572859047
"2015-10-05 22:00:00",0.00018268835956269
"2015-10-06 00:00:00",0.000474091172362023
"2015-10-06 02:00:00",0.000491320253069262
"2015-10-06 04:00:00",0.000305027328701726
"2015-10-06 06:00:00",0.000250956279060119
"2015-10-06 08:00:00",0.000228747034609114
"2015-10-06 10:00:00",0.00414877291798666
"2015-10-06 12:00:00",0.000561854776377913
"2015-10-06 14:00:00",0.00222229997625982
"2015-10-06 16:00:00",0.00063791162992402
"2015-10-06 18:00:00",0.000290477298017777
"2015-10-06 20:00:00",0.000173703916743762
"2015-10-06 22:00:00",0.00030068598799653
"2015-10-07 00:00:00",3.35853602255156e-05
"2015-10-07 02:00:00",0.00013989038705995
"2015-10-07 04:00:00",4.89032812683945e-05
"2015-10-07 06:00:00",0.000506812650824031
"2015-10-07 08:00:00",0.000195714876689635
"2015-10-07 10:00:00",0.000147476378537249
"2015-10-07 12:00:00",0.000206874374070139
"2015-10-07 14:00:00",0.000352068613202391
"2015-10-07 16:00:00",0.0015394323250066
"2015-10-07 18:00:00",0.428299912614748
"2015-10-07 20:00:00",0.555392339871032
"2015-10-07 22:00:00",3.17243938771868
"2015-10-08 00:00:00",3.29181521444442
"2015-10-08 02:00:00",3.47842903395998
"2015-10-08 04:00:00",4.93670827793237
"2015-10-08 06:00:00",7.68928502552956
"2015-10-08 08:00:00",8.08802119689109
"2015-10-08 10:00:00",3.06741283169622
"2015-10-08 12:00:00",0.310166564066312
"2015-10-08 14:00:00",0.115381126667256
"2015-10-08 16:00:00",0.00922088991114288
"2015-10-08 18:00:00",0.0133397456554521
"2015-10-08 20:00:00",0.407016753724543
"2015-10-08 22:00:00",0.636998888633214
"2015-10-25 00:00:00",0.000133678346700435
"2015-10-25 02:00:00",0.0296425474023954
"2015-10-25 04:00:00",0.0222286433688187
"2015-10-25 06:00:00",0.000348562901168407
"2015-10-25 08:00:00",0.000157531472305891
"2015-10-25 10:00:00",0.00160313255663277
"2015-10-25 12:00:00",0.322555890609045
"2015-10-25 14:00:00",0.350220326835755
"2015-10-25 16:00:00",0.00116166347099625
"2015-10-25 18:00:00",0.467335246839095
"2015-10-25 20:00:00",0.528327229717281
"2015-10-25 22:00:00",0.511425241330173
"2015-10-26 00:00:00",0.00221789922712924
"2015-10-26 02:00:00",0.0282136470622499
"2015-10-26 04:00:00",0.125030629020857
"2015-10-26 06:00:00",0.00355943506918175
"2015-10-26 08:00:00",0.000715168205144437
"2015-10-26 10:00:00",0.368614826831035
"2015-10-26 12:00:00",0.00363325113422889
"2015-10-26 14:00:00",0.492523690159433
"2015-10-26 16:00:00",0.00317925018994629
"2015-10-26 18:00:00",0.0113685878037677
"2015-10-26 20:00:00",0.0332207929637907
"2015-10-26 22:00:00",0.00113025934165216
"2015-10-27 00:00:00",0.00221168943627708
"2015-10-27 02:00:00",0.501354422369972
"2015-10-27 04:00:00",0.00428192254489204
"2015-10-27 06:00:00",0.64159873142885
"2015-10-27 08:00:00",0.768780193128623
"2015-10-27 10:00:00",0.0223088510303714
"2015-10-27 12:00:00",0.00896252255023137
"2015-10-27 14:00:00",0.132983163480872
"2015-10-27 16:00:00",0.0518536798802525
"2015-10-27 18:00:00",0.00273724337474778
"2015-10-27 20:00:00",0.865166871908586
"2015-10-27 22:00:00",0.778384544916917
"2015-10-28 00:00:00",0.00136190909438665
"2015-10-28 02:00:00",0.824451884016278
"2015-10-28 04:00:00",0.75813707945263
"2015-10-28 06:00:00",0.00660842945005243
"2015-10-28 08:00:00",1.15493083316507
"2015-10-28 10:00:00",1.31718575481372
"2015-10-28 12:00:00",0.00226661006414724
"2015-10-28 14:00:00",0.00404697019290688
"2015-10-28 16:00:00",0.00152210462942458
"2015-10-28 18:00:00",0.00195620372026315
"2015-10-28 20:00:00",1.21934105031309
"2015-10-28 22:00:00",0.315292116570286
"2015-11-14 00:00:00",1.43822365316737e-05
"2015-11-14 02:00:00",4.02111287939988e-06
"2015-11-14 04:00:00",4.92403891303184e-06
"2015-11-14 06:00:00",2.98184690882408e-06
"2015-11-14 08:00:00",2.07420591618757e-05
"2015-11-14 10:00:00",1.9398729274144e-05
"2015-11-14 12:00:00",2.00520733301346e-05
"2015-11-14 14:00:00",4.89690250060448e-06
"2015-11-14 16:00:00",1.94433933256732e-06
"2015-11-14 18:00:00",9.86463193748932e-06
"2015-11-14 20:00:00",2.39987214126813e-06
"2015-11-14 22:00:00",1.6144236726177e-05
"2015-11-15 00:00:00",1.29735663153951e-05
"2015-11-15 02:00:00",1.36055005846174e-05
"2015-11-15 04:00:00",1.51637758835932e-05
"2015-11-15 06:00:00",1.16180013696976e-05
"2015-11-15 08:00:00",3.62567941288034e-05
"2015-11-15 10:00:00",3.79970312410478e-05
"2015-11-15 12:00:00",0.000153432957136829
"2015-11-15 14:00:00",0.000271112506128702
"2015-11-15 16:00:00",0.000134947080056463
"2015-11-15 18:00:00",8.91945564862908e-05
"2015-11-15 20:00:00",1.73422797556668e-05
"2015-11-15 22:00:00",1.64997372935431e-05
"2015-11-16 00:00:00",4.99796256490299e-05
"2015-11-16 02:00:00",3.17162959563575e-05
"2015-11-16 04:00:00",3.05528051476358e-05
"2015-11-16 06:00:00",6.05829012920367e-05
"2015-11-16 08:00:00",3.93684483974539e-05
"2015-11-16 10:00:00",0.000234689304510994
"2015-11-16 12:00:00",0.000144815197617845
"2015-11-16 14:00:00",0.000149279186360218
"2015-11-16 16:00:00",0.000154860499551432
"2015-11-16 18:00:00",0.000129616357568011
"2015-11-16 20:00:00",0.0538589624813908
"2015-11-16 22:00:00",3.69791191106103
"2015-11-17 00:00:00",2.59308163583651
"2015-11-17 02:00:00",1.39017898764089
"2015-11-17 04:00:00",2.90892223629029
"2015-11-17 06:00:00",2.40189055371156
"2015-11-17 08:00:00",0.0290972545836858
"2015-11-17 10:00:00",0.000300348931256849
"2015-11-17 12:00:00",0.000174869298887188
"2015-11-17 14:00:00",4.95995216792835e-05
"2015-11-17 16:00:00",0.00120483164983398
"2015-11-17 18:00:00",0.00020439515234375
"2015-11-17 20:00:00",1.04696921130198e-05
"2015-11-17 22:00:00",9.97357828282475e-06
"2015-12-04 00:00:00",7.8108509114827e-06
"2015-12-04 02:00:00",6.26757831241775e-06
"2015-12-04 04:00:00",3.41086328307938e-06
"2015-12-04 06:00:00",5.09285200678278e-06
"2015-12-04 08:00:00",9.57721922895871e-06
"2015-12-04 10:00:00",1.21930575487568e-05
"2015-12-04 12:00:00",2.70090833055292e-06
"2015-12-04 14:00:00",6.90765055014708e-06
"2015-12-04 16:00:00",5.88418897905285e-06
"2015-12-04 18:00:00",2.14065008049147e-06
"2015-12-04 20:00:00",3.80662227371431e-06
"2015-12-04 22:00:00",8.13835791768724e-06
"2015-12-05 00:00:00",5.76663363744956e-06
"2015-12-05 02:00:00",3.61707907995879e-06
"2015-12-05 04:00:00",6.67719241164377e-06
"2015-12-05 06:00:00",2.02791719038942e-06
"2015-12-05 08:00:00",1.0438964613968e-05
"2015-12-05 10:00:00",1.33674325848006e-05
"2015-12-05 12:00:00",3.04463040620249e-05
"2015-12-05 14:00:00",2.46321675149375e-06
"2015-12-05 16:00:00",3.95290467754421e-05
"2015-12-05 18:00:00",1.4030789170647e-06
"2015-12-05 20:00:00",1.8624564181664e-06
"2015-12-05 22:00:00",2.37796431247261e-06
"2015-12-06 00:00:00",8.9619405407575e-06
"2015-12-06 02:00:00",5.31693864604677e-06
"2015-12-06 04:00:00",7.54452200803826e-05
"2015-12-06 06:00:00",2.95469072307242e-06
"2015-12-06 08:00:00",1.00082377703075e-05
"2015-12-06 10:00:00",1.27723050968598e-05
"2015-12-06 12:00:00",0.000112431567563362
"2015-12-06 14:00:00",1.22497201637088e-05
"2015-12-06 16:00:00",8.88729525422605e-06
"2015-12-06 18:00:00",4.09340744181463e-06
"2015-12-06 20:00:00",1.09505952855216e-05
"2015-12-06 22:00:00",2.28489348273797e-06
"2015-12-07 00:00:00",5.21104807648953e-06
"2015-12-07 02:00:00",4.88240814092933e-06
"2015-12-07 04:00:00",5.20986751021155e-05
"2015-12-07 06:00:00",6.2429259091914e-06
"2015-12-07 08:00:00",9.29116354745929e-06
"2015-12-07 10:00:00",2.10460724747463e-05
"2015-12-07 12:00:00",0.00066700792464826
"2015-12-07 14:00:00",1.62729208236669e-05
"2015-12-07 16:00:00",1.67261834462806e-05
"2015-12-07 18:00:00",6.97692594803812e-06
"2015-12-07 20:00:00",8.29333848605529e-06
"2015-12-07 22:00:00",4.41282627248256e-05
"2015-12-23 00:00:00",8.37729804970877e-07
"2015-12-23 02:00:00",7.01203564403841e-07
"2015-12-23 04:00:00",1.90967906155493e-06
"2015-12-23 06:00:00",1.25570932277697e-06
"2015-12-23 08:00:00",1.30247010974927e-05
"2015-12-23 10:00:00",7.74850523839632e-06
"2015-12-23 12:00:00",8.3451282803253e-06
"2015-12-23 14:00:00",1.77272809773967e-05
"2015-12-23 16:00:00",3.11319884758632e-06
"2015-12-23 18:00:00",0.00019116586357859
"2015-12-23 20:00:00",3.87874458874649e-06
"2015-12-23 22:00:00",7.60113003252627e-07
"2015-12-24 00:00:00",2.27752100272482e-07
"2015-12-24 02:00:00",1.52522527287147e-06
"2015-12-24 04:00:00",5.34686052105826e-07
"2015-12-24 06:00:00",1.52044720516642e-06
"2015-12-24 08:00:00",4.60912725520757e-06
"2015-12-24 10:00:00",4.84101386973634e-06
"2015-12-24 12:00:00",9.45349103767512e-06
"2015-12-24 14:00:00",4.75018218376135e-05
"2015-12-24 16:00:00",2.15089246739808e-05
"2015-12-24 18:00:00",3.2831183621056e-06
"2015-12-24 20:00:00",2.58990167776574e-06
"2015-12-24 22:00:00",5.59148495540285e-07
"2015-12-25 00:00:00",3.42837106063598e-06
"2015-12-25 02:00:00",9.60646608746174e-06
"2015-12-25 04:00:00",3.43271605788686e-06
"2015-12-25 06:00:00",3.60029494777336e-06
"2015-12-25 08:00:00",1.41637619963149e-05
"2015-12-25 10:00:00",0.000172046654552105
"2015-12-25 12:00:00",4.364171256384e-06
"2015-12-25 14:00:00",6.38571255558418e-06
"2015-12-25 16:00:00",3.13689840413645e-06
"2015-12-25 18:00:00",1.14899903023797e-05
"2015-12-25 20:00:00",3.24403979675481e-06
"2015-12-25 22:00:00",3.22342538811426e-06
"2015-12-26 00:00:00",6.170012964958e-06
"2015-12-26 02:00:00",2.65248383357175e-06
"2015-12-26 04:00:00",5.70392571894445e-05
"2015-12-26 06:00:00",1.83841920033956e-06
"2015-12-26 08:00:00",0.000181371646211119
"2015-12-26 10:00:00",0.00100416412832146
"2015-12-26 12:00:00",0.00418874430387177
"2015-12-26 14:00:00",0.00107860903592382
"2015-12-26 16:00:00",0.00083903905672787
"2015-12-26 18:00:00",0.00301566841762406
"2015-12-26 20:00:00",0.000281488851589074
"2015-12-26 22:00:00",0.000267553511951974
"2015-12-27 00:00:00",0.00058451278967641
"2015-12-27 02:00:00",0.000964850794400263
"2015-12-27 04:00:00",0.00146371884972905
"2015-12-27 06:00:00",0.000672351605849599
"2015-12-27 08:00:00",0.00145537397490534
"2015-12-27 10:00:00",0.00401647352144346
"2015-12-27 12:00:00",0.0053343465499097
"2015-12-27 14:00:00",0.000332206747604232
"2015-12-27 16:00:00",0.000879896572776943
"2015-12-27 18:00:00",0.000260493394258901
"2015-12-27 20:00:00",3.50747233119364e-05
"2015-12-27 22:00:00",3.67623280603766e-05
"2015-12-28 00:00:00",4.37478702929184e-05
"2015-12-28 02:00:00",0.000389292669292445
"2015-12-28 04:00:00",0.000505131993485975
"2015-12-28 06:00:00",0.000943380855504984
"2015-12-28 08:00:00",2.4696805464373e-05
"2015-12-28 10:00:00",0.00250735448256
"2015-12-28 12:00:00",0.00182107072793951
"2015-12-28 14:00:00",0.000286637236297338
"2015-12-28 16:00:00",0.000390752202813474
"2015-12-28 18:00:00",8.85701897004765e-07
"2015-12-28 20:00:00",7.48346762215988e-05
"2015-12-28 22:00:00",7.04282498645625e-07
"2015-12-29 00:00:00",2.26985626204623e-06
"2015-12-29 02:00:00",3.4747821559904e-06
"2015-12-29 04:00:00",0.000115243869650385
"2015-12-29 06:00:00",9.7086512075748e-05
"2015-12-29 08:00:00",0.000244861535985365
"2015-12-29 10:00:00",0.000373899146452459
"2015-12-29 12:00:00",0.00107786254157691
"2015-12-29 14:00:00",0.000214405794012691
"2015-12-29 16:00:00",5.90854366032545e-05
"2015-12-29 18:00:00",2.76570346095468e-05
"2015-12-29 20:00:00",1.34797604073356e-05
"2015-12-29 22:00:00",2.40208008972331e-06
"2015-12-30 00:00:00",3.95969282044462e-06
"2015-12-30 02:00:00",5.45365312673312e-05
"2015-12-30 04:00:00",1.86744490188175e-05
"2015-12-30 06:00:00",3.66072534279738e-06
"2015-12-30 08:00:00",0.000153573800521372
"2015-12-30 10:00:00",0.000172265346296626
"2015-12-30 12:00:00",5.43120916436237e-05
"2015-12-30 14:00:00",1.40201345880087e-05
"2015-12-30 16:00:00",0.00143819784795278
"2015-12-30 18:00:00",7.62432800047463e-06
"2015-12-30 20:00:00",8.28134299308658e-06
"2015-12-30 22:00:00",7.1097412896961e-06
"2015-12-31 00:00:00",1.30657372496898e-05
"2015-12-31 02:00:00",1.24796190752932e-05
"2015-12-31 04:00:00",1.55297163387331e-05
"2015-12-31 06:00:00",6.20643946394921e-05
"2015-12-31 08:00:00",0.000167473915588289
"2015-12-31 10:00:00",0.000531618664921552
"2015-12-31 12:00:00",0.000105258629904711
"2015-12-31 14:00:00",0.00018359798892061
"2015-12-31 16:00:00",0.000383592267991389
"2015-12-31 18:00:00",0.000420049668077354
"2015-12-31 20:00:00",6.42383852273269e-05
"2015-12-31 22:00:00",4.16538799572663e-05
"2016-01-01 00:00:00",1.56125476660236e-05
"2016-01-01 02:00:00",5.2249379377372e-05
"2016-01-01 04:00:00",8.39345867825614e-06
"2016-01-01 06:00:00",7.02313907868302e-06
"2016-01-01 08:00:00",4.67764649920355e-05
"2016-01-01 10:00:00",8.35675194157375e-05
"2016-01-01 12:00:00",6.31392398104253e-05
"2016-01-01 14:00:00",8.10795690222221e-06
"2016-01-01 16:00:00",2.3045841090152e-05
"2016-01-01 18:00:00",1.43984031133186e-05
"2016-01-01 20:00:00",1.99567864142409e-05
"2016-01-01 22:00:00",3.87735185131533e-06
"2016-01-02 00:00:00",8.16252082677238e-06
"2016-01-02 02:00:00",7.35453148172383e-06
"2016-01-02 04:00:00",8.93831348275853e-06
"2016-01-02 06:00:00",1.71508271114362e-05
"2016-01-02 08:00:00",2.49056737216051e-05
"2016-01-02 10:00:00",9.36254440784978e-05
"2016-01-02 12:00:00",0.000127041651906438
"2016-01-02 14:00:00",6.66810101997726e-05
"2016-01-02 16:00:00",2.69652256124573e-05
"2016-01-02 18:00:00",9.60940548839062e-06
"2016-01-02 20:00:00",2.04665322344226e-05
"2016-01-02 22:00:00",1.12110068625952e-05
"2016-01-03 00:00:00",8.98789001348632e-06
"2016-01-03 02:00:00",2.80150544258504e-05
"2016-01-03 04:00:00",2.34437352387431e-05
"2016-01-03 06:00:00",2.66140106082275e-05
"2016-01-03 08:00:00",6.98677054924701e-05
"2016-01-03 10:00:00",0.000432465333728032
"2016-01-03 12:00:00",0.00017602113783505
"2016-01-03 14:00:00",1.65963748181639e-05
"2016-01-03 16:00:00",6.4450868745098e-05
"2016-01-03 18:00:00",0.00010010858465057
"2016-01-03 20:00:00",8.7038093081901e-05
"2016-01-03 22:00:00",3.12456515362101e-05
"2016-01-04 00:00:00",0.16000435165813
"2016-01-04 02:00:00",2.3460476849298
"2016-01-04 04:00:00",1.54599557098886
"2016-01-04 06:00:00",3.49287901695492
"2016-01-04 08:00:00",1.89533316500206
"2016-01-04 10:00:00",1.5504298717021
