,(pred),,yield,(pred),yieldfinal
1,0.000117312,,0,0.000117312,4.69248E-05
2,3.097445025,,0,3.097445025,1.23897801
3,0.000363079,,0,0.000363079,0.000145232
4,0.001380357,,0,0.001380357,0.000552143
5,0.001370744,,0,0.001370744,0.000548298
6,0.366077687,,0,0.366077687,0.146431075
7,0.001176569,,0,0.001176569,0.000470628
8,0.000976548,,0,0.000976548,0.000390619
9,0.172594325,,0,0.172594325,0.06903773
10,0.115367119,,0,0.115367119,0.046146848
11,0.007358875,,0,0.007358875,0.00294355
12,0.719052032,,0,0.719052032,0.287620813
13,0.759368265,,0,0.759368265,0.303747306
14,0.425894631,,0,0.425894631,0.170357852
15,2.963867338,,0,2.963867338,1.185546935
16,0.000957589,,0,0.000957589,0.000383036
17,0.066091355,,0,0.066091355,0.026436542
18,0.653067889,,0,0.653067889,0.261227156
19,0.06059559,,0,0.06059559,0.024238236
20,2.137148265,,0,2.137148265,0.854859306
21,0.163631016,,0,0.163631016,0.065452406
22,0.186310581,,0,0.186310581,0.074524232
23,0.007690472,,0,0.007690472,0.003076189
24,0.260656251,,0,0.260656251,0.1042625
25,1.070830551,,0,1.070830551,0.42833222
26,0.668355229,,0,0.668355229,0.267342092
27,0.098531337,,0,0.098531337,0.039412535
28,1.168075928,,0,1.168075928,0.467230371
29,0.000496969,,0,0.000496969,0.000198788
30,0.003347231,,0,0.003347231,0.001338892
31,0.002335092,,0,0.002335092,0.000934037
32,0.111271461,,0,0.111271461,0.044508584
33,0.910465369,,0,0.910465369,0.364186148
34,0.229714658,,0,0.229714658,0.091885863
35,2.223166099,,0,2.223166099,0.88926644
36,0.027985666,,0,0.027985666,0.011194266
37,0.00058492,,0,0.00058492,0.000233968
38,0.591699631,,0,0.591699631,0.236679852
39,0.001468659,,0,0.001468659,0.000587464
40,1.898750466,,0,1.898750466,0.759500186
41,0.038505867,,0,0.038505867,0.015402347
42,0.00556849,,0,0.00556849,0.002227396
43,0.078318779,,0,0.078318779,0.031327512
44,0.001499868,,0,0.001499868,0.000599947
45,0.000626807,,0,0.000626807,0.000250723
46,1.097036514,,0,1.097036514,0.438814606
47,0.000403732,,0,0.000403732,0.000161493
48,0.00630649,,0,0.00630649,0.002522596
49,4.68E-07,,0,4.68E-07,1.872E-07
50,2.02E-06,,0,2.02E-06,0.000000808
51,1.36E-06,,0,1.36E-06,0.000000544
52,2.15E-06,,0,2.15E-06,0.00000086
53,1.06E-05,,0,1.06E-05,0.00000424
54,2.53E-06,,0,2.53E-06,0.000001012
55,0.000113884,,0,0.000113884,4.55536E-05
56,5.11E-07,,0,5.11E-07,2.044E-07
57,3.77E-07,,0,3.77E-07,1.508E-07
58,1.30E-05,,0,1.30E-05,0.0000052
59,4.68E-07,,0,4.68E-07,1.872E-07
60,0.044863398,,0.074713864,0.044863398,0.062773677
61,0.004031241,,0,0.004031241,0.001612496
62,0.425373531,,0.038637287,0.425373531,0.193331784
63,0.121255107,,0,0.121255107,0.048502043
64,0.029239197,,0.043999746,0.029239197,0.038095526
65,0.00973367,,0.013738446,0.00973367,0.012136536
66,0.002639009,,0,0.002639009,0.001055604
67,0.002600417,,0,0.002600417,0.001040167
68,0.002610159,,0,0.002610159,0.001044064
69,2.38E-05,,0,2.38E-05,0.00000952
70,1.26E-05,,0,1.26E-05,0.00000504
71,0.001941263,,0,0.001941263,0.000776505
72,0.001283515,,0,0.001283515,0.000513406
73,0.016129356,,0.023833108,0.016129356,0.020751607
74,0.216117328,,0.093758246,0.216117328,0.142701879
75,1.423573493,,1.245821106,1.423573493,1.316922061
76,1.80249721,,1.58277364,1.80249721,1.670663068
77,0.166262603,,0,0.166262603,0.066505041
78,7.677594244,,9.437810852,7.677594244,8.733724209
79,10.13436732,,10.92132739,10.13436732,10.60654336
80,5.984894783,,6.165884843,5.984894783,6.093488819
81,7.845438622,,8.414145906,7.845438622,8.186662992
82,1.470078385,,1.024206822,1.470078385,1.202555447
83,0.865198566,,0.347758769,0.865198566,0.554734688
84,0.796789859,,0.394246593,0.796789859,0.555263899
85,0.85454036,,0.396356796,0.85454036,0.579630222
86,0.953910532,,0.67118896,0.953910532,0.784277589
87,0.737315597,,0.323269592,0.737315597,0.488887994
88,0.894568897,,0.576482155,0.894568897,0.703716852
89,0.766625017,,1.037846985,0.766625017,0.929358198
90,0.000485776,,0,0.000485776,0.00019431
91,0.003069367,,0,0.003069367,0.001227747
92,2.75E-05,,0,2.75E-05,0.000011
93,0.234040223,,0.211898205,0.234040223,0.220755012
94,1.280968527,,1.241572755,1.280968527,1.257331064
95,0.971130507,,1.069566088,0.971130507,1.030191855
96,1.363367135,,1.390460728,1.363367135,1.379623291
97,0.000982662,,0,0.000982662,0.000393065
98,0.001963679,,0,0.001963679,0.000785472
99,5.19E-05,,0,5.19E-05,0.00002076
100,5.19E-05,,0,5.19E-05,0.00002076
101,7.81E-05,,0,7.81E-05,0.00003124
102,1.87E-05,,0,1.87E-05,0.00000748
103,0.000105006,,0,0.000105006,4.20024E-05
104,5.53E-06,,0,5.53E-06,0.000002212
105,2.41E-05,,0,2.41E-05,0.00000964
106,0.001033386,,0,0.001033386,0.000413354
107,2.40E-05,,0,2.40E-05,0.0000096
108,1.62E-06,,0,1.62E-06,0.000000648
109,1.52E-06,,0,1.52E-06,0.000000608
110,5.17E-05,,0,5.17E-05,0.00002068
111,5.17E-05,,0,5.17E-05,0.00002068
112,0.00042978,,0,0.00042978,0.000171912
113,0.000460391,,0,0.000460391,0.000184156
114,0.001204941,,0,0.001204941,0.000481976
115,0.00104711,,0,0.00104711,0.000418844
116,0.001308724,,0,0.001308724,0.00052349
117,2.213761881,,2.416939582,2.213761881,2.335668502
118,9.084620135,,10.4249747,9.084620135,9.888832874
119,2.801605797,,2.975423479,2.801605797,2.905896406
120,4.97E-05,,0,4.97E-05,0.00001988
121,0.025746232,,0.042789092,0.025746232,0.035971948
122,0.001187417,,0,0.001187417,0.000474967
123,0.000255839,,0,0.000255839,0.000102336
124,0.003800986,,0,0.003800986,0.001520394
125,0.000457793,,0,0.000457793,0.000183117
126,0.00130455,,0,0.00130455,0.00052182
127,0.011964248,,0,0.011964248,0.004785699
128,4.23E-06,,0,4.23E-06,0.000001692
129,6.84E-05,,0,6.84E-05,0.00002736
130,1.18E-05,,0,1.18E-05,0.00000472
131,1.92E-06,,0,1.92E-06,0.000000768
132,5.49E-07,,0,5.49E-07,2.196E-07
133,5.76E-06,,0,5.76E-06,0.000002304
134,1.76E-05,,0,1.76E-05,0.00000704
135,6.81E-05,,0,6.81E-05,0.00002724
136,7.93E-05,,0,7.93E-05,0.00003172
137,0.002588965,,0,0.002588965,0.001035586
138,0.002887466,,0,0.002887466,0.001154986
139,0.00113681,,0,0.00113681,0.000454724
140,0.002252504,,0,0.002252504,0.000901002
141,0.002532953,,0,0.002532953,0.001013181
142,0.000394011,,0,0.000394011,0.000157604
143,0.000264111,,0,0.000264111,0.000105644
144,0.002659053,,0,0.002659053,0.001063621
145,0.002999551,,0,0.002999551,0.00119982
146,3.324829056,,0,3.324829056,1.329931622
147,0.002979172,,0,0.002979172,0.001191669
148,1.58E-06,,0,1.58E-06,0.000000632
149,0.270070075,,0,0.270070075,0.10802803
150,1.457165124,,0,1.457165124,0.58286605
151,0.039523146,,0,0.039523146,0.015809258
152,0.001442047,,0,0.001442047,0.000576819
153,0.002456782,,0,0.002456782,0.000982713
154,0.002924985,,0,0.002924985,0.001169994
155,1.44E-05,,0,1.44E-05,0.00000576
156,1.50E-05,,0,1.50E-05,0.000006
157,4.14E-05,,0,4.14E-05,0.00001656
158,4.07E-05,,0,4.07E-05,0.00001628
159,0.529038276,,0,0.529038276,0.21161531
160,0.000151832,,0,0.000151832,6.07328E-05
161,0.007730637,,0,0.007730637,0.003092255
162,0.695376544,,0,0.695376544,0.278150618
163,0.000174163,,0,0.000174163,6.96652E-05
164,1.093382886,,0,1.093382886,0.437353154
165,1.386945372,,0,1.386945372,0.554778149
166,0.002074289,,0,0.002074289,0.000829716
167,0.007771259,,0,0.007771259,0.003108504
168,0.089093307,,0,0.089093307,0.035637323
169,0.000114646,,0,0.000114646,4.58584E-05
170,0.003861749,,0,0.003861749,0.0015447
171,7.03E-07,,0,7.03E-07,2.812E-07
172,2.914273014,,0,2.914273014,1.165709206
173,0.001033738,,0,0.001033738,0.000413495
174,0.564760819,,0,0.564760819,0.225904328
175,0.000224542,,0,0.000224542,8.98168E-05
176,0.026702952,,0,0.026702952,0.010681181
177,0.003103319,,0,0.003103319,0.001241328
178,2.27E-06,,0,2.27E-06,0.000000908
179,2.012902435,,0,2.012902435,0.805160974
180,0.705797144,,0,0.705797144,0.282318858
181,1.215753867,,0,1.215753867,0.486301547
182,1.37E-05,,0,1.37E-05,0.00000548
183,8.55E-07,,0,8.55E-07,0.000000342
184,0.002015201,,0,0.002015201,0.00080608
185,1.621720968,,0,1.621720968,0.648688387
186,1.478795979,,0,1.478795979,0.591518392
187,0.012353033,,0,0.012353033,0.004941213
188,1.25143391,,0,1.25143391,0.500573564
189,0.010329425,,0,0.010329425,0.00413177
190,0.000108054,,0,0.000108054,4.32216E-05
191,2.54501478,,0,2.54501478,1.018005912
192,0.000213572,,0,0.000213572,8.54288E-05
193,7.17E-07,,0,7.17E-07,2.868E-07
194,7.17E-07,,0,7.17E-07,2.868E-07
195,9.57E-05,,0,9.57E-05,0.00003828
196,5.34E-05,,0,5.34E-05,0.00002136
197,0.004714968,,0,0.004714968,0.001885987
198,0.000817582,,0,0.000817582,0.000327033
199,0.001067916,,0,0.001067916,0.000427166
200,0.010913537,,0,0.010913537,0.004365415
201,0.001006093,,0,0.001006093,0.000402437
202,0.595139834,,0.536178781,0.595139834,0.559763202
203,0.179591513,,0,0.179591513,0.071836605
204,0.000382039,,0,0.000382039,0.000152816
205,0.000190529,,0,0.000190529,7.62116E-05
206,0.001963277,,0,0.001963277,0.000785311
207,5.12E-05,,0,5.12E-05,0.00002048
208,5.12E-05,,0,5.12E-05,0.00002048
209,5.18E-05,,0,5.18E-05,0.00002072
210,6.25E-07,,0,6.25E-07,0.00000025
211,6.91E-05,,0,6.91E-05,0.00002764
212,1.17E-05,,0,1.17E-05,0.00000468
213,4.51E-07,,0,4.51E-07,1.804E-07
214,2.26E-05,,0,2.26E-05,0.00000904
215,1.16E-05,,0,1.16E-05,0.00000464
216,3.39E-05,,0,3.39E-05,0.00001356
217,1.17E-05,,0,1.17E-05,0.00000468
218,1.17E-05,,0,1.17E-05,0.00000468
219,3.39E-05,,0,3.39E-05,0.00001356
220,0.000134258,,0,0.000134258,5.37032E-05
221,0.000271981,,0,0.000271981,0.000108792
222,0.000404669,,0,0.000404669,0.000161868
223,0.000113758,,0,0.000113758,4.55032E-05
224,3.41E-05,,0,3.41E-05,0.00001364
225,1.15E-05,,0,1.15E-05,0.0000046
226,4.68E-07,,0,4.68E-07,1.872E-07
227,6.35E-07,,0,6.35E-07,0.000000254
228,7.78E-07,,0,7.78E-07,3.112E-07
229,1.51E-05,,0,1.51E-05,0.00000604
230,0.002981825,,0,0.002981825,0.00119273
231,0.0010044,,0,0.0010044,0.00040176
232,0.011375017,,0,0.011375017,0.004550007
233,0.006534432,,0,0.006534432,0.002613773
234,0.007477466,,0.004399357,0.007477466,0.005630601
235,0.001099452,,0,0.001099452,0.000439781
236,0.095743278,,0.079342883,0.095743278,0.085903041
237,6.560269302,,6.92479199,6.560269302,6.778982915
238,9.795666338,,8.752088198,9.795666338,9.169519454
239,11.20892836,,10.85661595,11.20892836,10.99754091
240,10.04141262,,9.310458496,10.04141262,9.602840146
241,0.986819804,,1.104925214,0.986819804,1.05768305
242,0.000610309,,0,0.000610309,0.000244124
243,0.000364687,,0,0.000364687,0.000145875
244,0.008946279,,0,0.008946279,0.003578512
245,0.00029221,,0,0.00029221,0.000116884
246,0.000321818,,0,0.000321818,0.000128727
247,0.012510228,,0,0.012510228,0.005004091
248,0.01204631,,0,0.01204631,0.004818524
249,0.000267455,,0,0.000267455,0.000106982
250,0.000390457,,0,0.000390457,0.000156183
251,3.96E-05,,0,3.96E-05,0.00001584
252,5.09E-05,,0,5.09E-05,0.00002036
253,0.000168236,,0,0.000168236,6.72944E-05
254,0.001011617,,0,0.001011617,0.000404647
255,0.001212306,,0,0.001212306,0.000484922
256,0.000455399,,0,0.000455399,0.00018216
257,0.003086487,,0,0.003086487,0.001234595
258,0.000455163,,0,0.000455163,0.000182065
259,0.013217414,,0,0.013217414,0.005286966
260,0.000509226,,0,0.000509226,0.00020369
261,0.013752154,,0.019202941,0.013752154,0.017022626
262,0.063329468,,0.1044401,0.063329468,0.087995847
263,0.000131433,,0,0.000131433,5.25732E-05
264,0.000126957,,0,0.000126957,5.07828E-05
265,0.006944359,,0,0.006944359,0.002777744
266,7.07E-05,,0,7.07E-05,0.00002828
267,6.70E-05,,0,6.70E-05,0.0000268
268,0.000212013,,0,0.000212013,8.48052E-05
269,0.000289978,,0,0.000289978,0.000115991
270,0.000601066,,0,0.000601066,0.000240426
271,0.012989588,,0,0.012989588,0.005195835
272,0.001688813,,0,0.001688813,0.000675525
273,0.001874442,,0,0.001874442,0.000749777
274,0.000481201,,0,0.000481201,0.00019248
275,0.000282783,,0,0.000282783,0.000113113
276,0.006808299,,0,0.006808299,0.00272332
277,0.006701637,,0,0.006701637,0.002680655
278,0.006713939,,0,0.006713939,0.002685576
279,0.006789572,,0,0.006789572,0.002715829
280,0.006726863,,0,0.006726863,0.002690745
281,0.000411187,,0,0.000411187,0.000164475
282,0.004092211,,0,0.004092211,0.001636884
283,0.014814882,,0,0.014814882,0.005925953
284,0.008712726,,0,0.008712726,0.00348509
285,0.002739497,,0,0.002739497,0.001095799
286,0.000755976,,0,0.000755976,0.00030239
287,6.05E-05,,0,6.05E-05,0.0000242
288,6.67E-05,,0,6.67E-05,0.00002668
289,3.67E-05,,0,3.67E-05,0.00001468
290,4.94E-05,,0,4.94E-05,0.00001976
291,0.21098449,,0,0.21098449,0.084393796
292,3.606235615,,0,3.606235615,1.442494246
293,0.000720632,,0,0.000720632,0.000288253
294,0.679755353,,0,0.679755353,0.271902141
295,1.035300276,,0,1.035300276,0.41412011
296,0.001311366,,0,0.001311366,0.000524546
297,0.999641059,,0,0.999641059,0.399856424
298,0.00049958,,0,0.00049958,0.000199832
299,3.632647969,,0,3.632647969,1.453059188
300,0.876427387,,0,0.876427387,0.350570955
301,0.028261736,,0,0.028261736,0.011304694
302,0.001650923,,0,0.001650923,0.000660369
303,1.40E-05,,0,1.40E-05,0.0000056
304,7.37E-05,,0,7.37E-05,0.00002948
305,0.000216031,,0,0.000216031,8.64124E-05
306,1.023048433,,0,1.023048433,0.409219373
307,2.064795109,,0,2.064795109,0.825918044
308,0.008615362,,0,0.008615362,0.003446145
309,0.001632024,,0,0.001632024,0.00065281
310,0.125658125,,0,0.125658125,0.05026325
311,2.589202883,,0,2.589202883,1.035681153
312,0.000895726,,0,0.000895726,0.00035829
313,1.050847271,,0,1.050847271,0.420338908
314,0.035141671,,0,0.035141671,0.014056668
315,1.419829374,,0,1.419829374,0.56793175
316,0.003100487,,0,0.003100487,0.001240195
317,0.00053534,,0,0.00053534,0.000214136
318,0.000870497,,0,0.000870497,0.000348199
319,0.001548083,,0,0.001548083,0.000619233
320,0.001337821,,0,0.001337821,0.000535128
321,0.010520369,,0,0.010520369,0.004208148
322,0.000489037,,0,0.000489037,0.000195615
323,0.939808489,,0,0.939808489,0.375923396
324,0.00035984,,0,0.00035984,0.000143936
325,0.003710752,,0,0.003710752,0.001484301
326,0.001626657,,0,0.001626657,0.000650663
327,0.000762816,,0,0.000762816,0.000305126
328,0.033091739,,0,0.033091739,0.013236696
329,0.370135483,,0,0.370135483,0.148054193
330,0.001904738,,0,0.001904738,0.000761895
331,0.014010434,,0,0.014010434,0.005604174
332,0.001891024,,0,0.001891024,0.00075641
333,0.037828257,,0,0.037828257,0.015131303
334,0.010136914,,0,0.010136914,0.004054766
335,0.000700455,,0,0.000700455,0.000280182
336,0.001219698,,0,0.001219698,0.000487879
337,7.72E-06,,0,7.72E-06,0.000003088
338,6.67E-06,,0,6.67E-06,0.000002668
339,0.004829818,,0,0.004829818,0.001931927
340,0.004829818,,0,0.004829818,0.001931927
341,7.15E-05,,0,7.15E-05,0.0000286
342,0.000268399,,0,0.000268399,0.00010736
343,0.000177128,,0,0.000177128,7.08512E-05
344,0.000305776,,0,0.000305776,0.00012231
345,2.62E-06,,0,2.62E-06,0.000001048
346,0.000731542,,0,0.000731542,0.000292617
347,0.000872547,,0,0.000872547,0.000349019
348,0.000152894,,0,0.000152894,6.11576E-05
349,0.001982223,,0.003093686,0.001982223,0.002649101
350,3.99E-05,,0,3.99E-05,0.00001596
351,3.80E-05,,0,3.80E-05,0.0000152
352,0.000327007,,0,0.000327007,0.000130803
353,1.39E-05,,0,1.39E-05,0.00000556
354,0.000373589,,0,0.000373589,0.000149436
355,0.000127028,,0,0.000127028,5.08112E-05
356,6.86E-05,,0,6.86E-05,0.00002744
357,1.42E-05,,0,1.42E-05,0.00000568
358,0.000139082,,0,0.000139082,5.56328E-05
359,0.000539329,,0,0.000539329,0.000215732
360,0.000520697,,0,0.000520697,0.000208279
361,0.000305589,,0,0.000305589,0.000122236
362,0.001488017,,0,0.001488017,0.000595207
363,0.001993882,,0,0.001993882,0.000797553
364,0.000803847,,0,0.000803847,0.000321539
365,0.001481945,,0,0.001481945,0.000592778
366,0.000447478,,0,0.000447478,0.000178991
367,0.001538813,,0,0.001538813,0.000615525
368,0.024850731,,0.040703655,0.024850731,0.034362486
369,0.030944401,,0.050920571,0.030944401,0.042930103
370,0.000158007,,0,0.000158007,6.32028E-05
371,0.000811796,,0,0.000811796,0.000324718
372,0.00084041,,0,0.00084041,0.000336164
373,0.001473886,,0,0.001473886,0.000589554
374,0.079911748,,0.130372155,0.079911748,0.110187992
375,0.032879142,,0.050373319,0.032879142,0.043375648
376,0.096301674,,0.092516225,0.096301674,0.094030405
377,0.000999952,,0,0.000999952,0.000399981
378,0.014563726,,0,0.014563726,0.00582549
379,0.001768084,,0,0.001768084,0.000707234
380,0.001990604,,0,0.001990604,0.000796242
381,0.01627347,,0,0.01627347,0.006509388
382,0.001600459,,0,0.001600459,0.000640184
383,0.002365864,,0,0.002365864,0.000946346
384,0.001210085,,0,0.001210085,0.000484034
385,1.73E-05,,0,1.73E-05,0.00000692
386,3.27E-05,,0,3.27E-05,0.00001308
387,2.79E-05,,0,2.79E-05,0.00001116
388,2.79E-05,,0,2.79E-05,0.00001116
389,0.000415879,,0,0.000415879,0.000166352
390,0.000343091,,0,0.000343091,0.000137236
391,0.000179674,,0,0.000179674,7.18696E-05
392,0.00232133,,0,0.00232133,0.000928532
393,0.009341088,,0,0.009341088,0.003736435
394,0.004863,,0,0.004863,0.0019452
395,7.77E-05,,0,7.77E-05,0.00003108
396,2.79E-05,,0,2.79E-05,0.00001116
397,5.88E-05,,0,5.88E-05,0.00002352
398,5.87E-05,,0,5.87E-05,0.00002348
399,8.67E-05,,0,8.67E-05,0.00003468
400,3.64E-05,,0,3.64E-05,0.00001456
401,0.000158813,,0,0.000158813,6.35252E-05
402,0.001092092,,0,0.001092092,0.000436837
403,1.92E-05,,0,1.92E-05,0.00000768
404,9.80E-05,,0,9.80E-05,0.0000392
405,3.44E-05,,0,3.44E-05,0.00001376
406,1.20E-05,,0,1.20E-05,0.0000048
407,0.000131301,,0,0.000131301,5.25204E-05
408,0.000182674,,0,0.000182674,7.30696E-05
409,0.002442213,,0,0.002442213,0.000976885
410,0.002431009,,0,0.002431009,0.000972404
411,0.002431402,,0,0.002431402,0.000972561
412,0.002431113,,0,0.002431113,0.000972445
413,0.002811594,,0,0.002811594,0.001124638
414,0.005487845,,0,0.005487845,0.002195138
415,0.004917019,,0,0.004917019,0.001966808
416,0.002424332,,0,0.002424332,0.000969733
417,0.002452964,,0,0.002452964,0.000981186
418,0.00341939,,0,0.00341939,0.001367756
419,0.003501139,,0,0.003501139,0.001400456
420,0.002699885,,0,0.002699885,0.001079954
421,0.000140469,,0,0.000140469,5.61876E-05
422,6.17E-05,,0,6.17E-05,0.00002468
423,8.41E-05,,0,8.41E-05,0.00003364
424,0.000192699,,0,0.000192699,7.70796E-05
425,0.002897074,,0,0.002897074,0.00115883
426,0.001152786,,0,0.001152786,0.000461114
427,0.001469868,,0,0.001469868,0.000587947
428,0.00050073,,0,0.00050073,0.000200292
429,0.517871017,,0.291373187,0.517871017,0.381972319
430,0.213823058,,0,0.213823058,0.085529223
431,1.099968225,,0.805005475,1.099968225,0.922990575
432,0.012236783,,0.00864959,0.012236783,0.010084467
433,0.094126466,,0,0.094126466,0.037650586
434,0.538899109,,0,0.538899109,0.215559644
435,1.61341906,,0,1.61341906,0.645367624
436,0.042270227,,0,0.042270227,0.016908091
437,0.011756728,,0,0.011756728,0.004702691
438,0.027571622,,0,0.027571622,0.011028649
439,0.000956173,,0,0.000956173,0.000382469
440,0.132685917,,0,0.132685917,0.053074367
441,0.012222871,,0,0.012222871,0.004889148
442,0.00013591,,0,0.00013591,0.000054364
443,0.291276477,,0,0.291276477,0.116510591
444,0.006072458,,0,0.006072458,0.002428983
445,0.208931673,,0,0.208931673,0.083572669
446,2.395335774,,0,2.395335774,0.95813431
447,4.319776856,,0,4.319776856,1.727910742
448,0.303608483,,0,0.303608483,0.121443393
449,0.004920417,,0,0.004920417,0.001968167
450,0.001088639,,0,0.001088639,0.000435456
451,0.595299894,,0,0.595299894,0.238119958
452,0.859317944,,0,0.859317944,0.343727178
453,0.782582904,,0,0.782582904,0.313033162
454,0.800582525,,0,0.800582525,0.32023301
455,0.002924511,,0,0.002924511,0.001169804
456,1.180953704,,0,1.180953704,0.472381482
457,4.58E-05,,0,4.58E-05,0.00001832
458,0.762098072,,0,0.762098072,0.304839229
459,3.67E-05,,0,3.67E-05,0.00001468
460,0.003847237,,0,0.003847237,0.001538895
461,0.001429422,,0,0.001429422,0.000571769
462,0.000157955,,0,0.000157955,0.000063182
463,0.965620964,,0,0.965620964,0.386248386
464,0.239915768,,0,0.239915768,0.095966307
465,0.003693642,,0,0.003693642,0.001477457
466,0.006385257,,0,0.006385257,0.002554103
467,0.326934445,,0,0.326934445,0.130773778
468,1.853835802,,0,1.853835802,0.741534321
469,0.114695327,,0,0.114695327,0.045878131
470,0.707440629,,0,0.707440629,0.282976252
471,3.798990013,,0,3.798990013,1.519596005
472,3.092202506,,0,3.092202506,1.236881002
473,0.615757182,,0,0.615757182,0.246302873
474,0.007965465,,0,0.007965465,0.003186186
475,0.013275771,,0,0.013275771,0.005310308
476,0.008030277,,0,0.008030277,0.003212111
477,0.025133025,,0,0.025133025,0.01005321
478,2.808160411,,0,2.808160411,1.123264164
479,0.016363619,,0,0.016363619,0.006545448
480,0.007063855,,0,0.007063855,0.002825542
481,0.000112733,,0,0.000112733,4.50932E-05
482,9.02E-05,,0,9.02E-05,0.00003608
483,2.89E-07,,0,2.89E-07,1.156E-07
484,0.000121325,,0,0.000121325,0.00004853
485,6.42E-05,,0,6.42E-05,0.00002568
486,0.000985927,,0,0.000985927,0.000394371
487,0.000870891,,0,0.000870891,0.000348356
488,2.43E-05,,0,2.43E-05,0.00000972
489,3.52E-05,,0,3.52E-05,0.00001408
490,0.001183518,,0,0.001183518,0.000473407
491,2.36E-05,,0,2.36E-05,0.00000944
492,9.93E-07,,0,9.93E-07,3.972E-07
493,5.28E-06,,0,5.28E-06,0.000002112
494,2.49E-07,,0,2.49E-07,9.96E-08
495,1.05E-06,,0,1.05E-06,0.00000042
496,6.71E-05,,0,6.71E-05,0.00002684
497,8.15E-05,,0,8.15E-05,0.0000326
498,0.000449323,,0,0.000449323,0.000179729
499,0.001251174,,0,0.001251174,0.00050047
500,6.77E-05,,0,6.77E-05,0.00002708
501,0.000436329,,0,0.000436329,0.000174532
502,0.00060314,,0,0.00060314,0.000241256
503,1.73E-05,,0,1.73E-05,0.00000692
504,5.83E-05,,0,5.83E-05,0.00002332
505,4.27E-06,,0,4.27E-06,0.000001708
506,3.08E-05,,0,3.08E-05,0.00001232
507,3.48E-05,,0,3.48E-05,0.00001392
508,0.000210387,,0,0.000210387,8.41548E-05
509,1.41E-05,,0,1.41E-05,0.00000564
510,2.79E-06,,0,2.79E-06,0.000001116
511,0.000291813,,0,0.000291813,0.000116725
512,1.39E-06,,0,1.39E-06,0.000000556
513,1.37E-06,,0,1.37E-06,0.000000548
514,0.000368792,,0,0.000368792,0.000147517
515,0.000848207,,0,0.000848207,0.000339283
516,1.68E-06,,0,1.68E-06,0.000000672
517,2.36E-05,,0,2.36E-05,0.00000944
518,4.59E-05,,0,4.59E-05,0.00001836
519,5.71E-05,,0,5.71E-05,0.00002284
520,0.000190869,,0,0.000190869,7.63476E-05
521,0.000980462,,0,0.000980462,0.000392185
522,0.002357666,,0.00151253,0.002357666,0.001850585
523,0.00166864,,0,0.00166864,0.000667456
524,0.051730749,,0.081902763,0.051730749,0.069833957
525,0.00166108,,0,0.00166108,0.000664432
526,0.009933358,,0,0.009933358,0.003973343
527,4.509223303,,4.147573153,4.509223303,4.292233213
528,9.224719528,,9.713788747,9.224719528,9.518161059
529,0.154148067,,0.256893532,0.154148067,0.215795346
530,0.158069781,,0.263437461,0.158069781,0.221290389
531,1.96E-06,,0,1.96E-06,0.000000784
532,1.33E-05,,0,1.33E-05,0.00000532
533,3.98E-06,,0,3.98E-06,0.000001592
534,1.33E-05,,0,1.33E-05,0.00000532
535,6.11E-06,,0,6.11E-06,0.000002444
536,6.41E-05,,0,6.41E-05,0.00002564
537,0.000926021,,0,0.000926021,0.000370408
538,0.117040844,,0.083824941,0.117040844,0.097111302
539,6.94694077,,7.20996365,6.94694077,7.104754498
540,13.01644337,,15.35980189,13.01644337,14.42245848
541,11.5979806,,12.94357237,11.5979806,12.40533566
542,3.125829049,,3.89289725,3.125829049,3.58606997
543,0.150542942,,0.229583398,0.150542942,0.197967216
544,0.104856153,,0.157116249,0.104856153,0.136212211
545,0.018171607,,0.030260406,0.018171607,0.025424886
546,3.11E-05,,0,3.11E-05,0.00001244
547,1.80E-05,,0,1.80E-05,0.0000072
548,0.019455264,,0.032382407,0.019455264,0.02721155
549,0.023633126,,0.039223409,0.023633126,0.032987296
550,1.55E-05,,0,1.55E-05,0.0000062
551,0.406820588,,0.374509703,0.406820588,0.387434057
552,0.001580288,,0,0.001580288,0.000632115
553,1.31E-05,,0,1.31E-05,0.00000524
554,1.47E-05,,0,1.47E-05,0.00000588
555,6.95E-05,,0,6.95E-05,0.0000278
556,0.000216917,,0,0.000216917,8.67668E-05
557,6.96E-05,,0,6.96E-05,0.00002784
558,0.000282603,,0,0.000282603,0.000113041
559,8.80E-05,,0,8.80E-05,0.0000352
560,1.17E-05,,0,1.17E-05,0.00000468
561,9.00E-06,,0,9.00E-06,0.0000036
562,1.78E-05,,0,1.78E-05,0.00000712
563,2.74E-06,,0,2.74E-06,0.000001096
564,2.93E-06,,0,2.93E-06,0.000001172
565,1.18E-05,,0,1.18E-05,0.00000472
566,0.000130462,,0,0.000130462,5.21848E-05
567,3.68E-05,,0,3.68E-05,0.00001472
568,8.14E-05,,0,8.14E-05,0.00003256
569,0.000845611,,0,0.000845611,0.000338244
570,0.000968466,,0.001210517,0.000968466,0.001113697
571,0.002910146,,0.000620656,0.002910146,0.001536452
572,4.36E-07,,0,4.36E-07,1.744E-07
573,1.17E-05,,0,1.17E-05,0.00000468
574,8.47E-07,,0,8.47E-07,3.388E-07
575,0.014306045,,0.023841536,0.014306045,0.02002734
576,1.04E-06,,0,1.04E-06,0.000000416
577,0.13477411,,0,0.13477411,0.053909644
578,3.389694764,,0,3.389694764,1.355877906
579,0.011899072,,0,0.011899072,0.004759629
580,0.040513579,,0,0.040513579,0.016205432
581,0.284882952,,0,0.284882952,0.113953181
582,0.002197217,,0,0.002197217,0.000878887
583,0.001352292,,0,0.001352292,0.000540917
584,0.012666164,,0,0.012666164,0.005066466
585,0.000149636,,0,0.000149636,5.98544E-05
586,9.51E-05,,0,9.51E-05,0.00003804
587,0.245095012,,0,0.245095012,0.098038005
588,0.435695251,,0,0.435695251,0.1742781
589,0.000156763,,0,0.000156763,6.27052E-05
590,2.425108685,,0,2.425108685,0.970043474
591,2.76E-06,,0,2.76E-06,0.000001104
592,3.091819531,,0,3.091819531,1.236727812
593,0.021867696,,0,0.021867696,0.008747078
594,0.001713513,,0,0.001713513,0.000685405
595,0.000516974,,0,0.000516974,0.00020679
596,0.091027287,,0,0.091027287,0.036410915
597,0.263936398,,0,0.263936398,0.105574559
598,1.945574132,,0,1.945574132,0.778229653
599,8.29E-05,,0,8.29E-05,0.00003316
600,0.290615982,,0,0.290615982,0.116246393
601,0.329130503,,0,0.329130503,0.131652201
602,5.16E-07,,0,5.16E-07,2.064E-07
603,0.433807444,,0,0.433807444,0.173522978
604,2.515136507,,0,2.515136507,1.006054603
605,0.052853145,,0,0.052853145,0.021141258
606,8.13E-05,,0,8.13E-05,0.00003252
607,1.775652178,,0,1.775652178,0.710260871
608,0.114705766,,0,0.114705766,0.045882306
609,0.021440811,,0,0.021440811,0.008576324
610,2.451790294,,0,2.451790294,0.980716118
611,0.428962366,,0,0.428962366,0.171584946
612,0.553218422,,0,0.553218422,0.221287369
613,0.000156531,,0,0.000156531,6.26124E-05
614,0.000202133,,0,0.000202133,8.08532E-05
615,0.297934846,,0,0.297934846,0.119173938
616,4.128831262,,0,4.128831262,1.651532505
617,0.001687428,,0,0.001687428,0.000674971
618,0.857416946,,0,0.857416946,0.342966778
619,0.001266138,,0,0.001266138,0.000506455
620,0.117764152,,0,0.117764152,0.047105661
621,0.000301434,,0,0.000301434,0.000120574
622,4.354461367,,0,4.354461367,1.741784547
623,0.000473203,,0,0.000473203,0.000189281
624,0.000469882,,0,0.000469882,0.000187953
625,2.48E-05,,0,2.48E-05,0.00000992
626,0.000405334,,0,0.000405334,0.000162134
627,0.000544359,,0,0.000544359,0.000217744
628,0.001079594,,0,0.001079594,0.000431838
629,0.00016894,,0,0.00016894,0.000067576
630,4.74E-05,,0,4.74E-05,0.00001896
631,2.49E-05,,0,2.49E-05,0.00000996
632,0.000106554,,0,0.000106554,4.26216E-05
633,8.03E-05,,0,8.03E-05,0.00003212
634,0.000157129,,0,0.000157129,6.28516E-05
635,5.28E-05,,0,5.28E-05,0.00002112
636,1.95E-05,,0,1.95E-05,0.0000078
637,4.83E-07,,0,4.83E-07,1.932E-07
638,6.25E-07,,0,6.25E-07,0.00000025
639,6.25E-07,,0,6.25E-07,0.00000025
640,1.19E-05,,0,1.19E-05,0.00000476
641,1.68E-05,,0,1.68E-05,0.00000672
642,3.23E-06,,0,3.23E-06,0.000001292
643,2.82E-05,,0,2.82E-05,0.00001128
644,2.12E-06,,0,2.12E-06,0.000000848
645,1.71E-06,,0,1.71E-06,0.000000684
646,1.73E-05,,0,1.73E-05,0.00000692
647,7.03E-07,,0,7.03E-07,2.812E-07
648,4.83E-07,,0,4.83E-07,1.932E-07
649,4.53E-07,,0,4.53E-07,1.812E-07
650,5.96E-07,,0,5.96E-07,2.384E-07
651,5.96E-07,,0,5.96E-07,2.384E-07
652,6.44E-07,,0,6.44E-07,2.576E-07
653,4.28E-06,,0,4.28E-06,0.000001712
654,0.000228417,,0,0.000228417,9.13668E-05
655,3.32E-06,,0,3.32E-06,0.000001328
656,1.19E-05,,0,1.19E-05,0.00000476
657,0.000290884,,0,0.000290884,0.000116354
658,0.000301541,,0,0.000301541,0.000120616
659,1.73E-05,,0,1.73E-05,0.00000692
660,0.000123256,,0,0.000123256,4.93024E-05
661,1.28E-06,,0,1.28E-06,0.000000512
662,1.42E-06,,0,1.42E-06,0.000000568
663,1.42E-06,,0,1.42E-06,0.000000568
664,1.99E-06,,0,1.99E-06,0.000000796
665,0.000182105,,0,0.000182105,0.000072842
666,0.00023049,,0,0.00023049,0.000092196
667,8.58E-05,,0,8.58E-05,0.00003432
668,0.00015051,,0,0.00015051,0.000060204
669,1.00E-06,,0,1.00E-06,0.0000004
670,5.38E-07,,0,5.38E-07,2.152E-07
671,6.73E-07,,0,6.73E-07,2.692E-07
672,6.25E-07,,0,6.25E-07,0.00000025
673,0.010523731,,0.017149192,0.010523731,0.014499008
674,0.01917263,,0.031716835,0.01917263,0.026699153
675,6.71E-05,,0,6.71E-05,0.00002684
676,2.26E-05,,0,2.26E-05,0.00000904
677,0.000446114,,0,0.000446114,0.000178446
678,0.001224641,,0,0.001224641,0.000489856
679,3.67E-05,,0,3.67E-05,0.00001468
680,0.000473462,,0,0.000473462,0.000189385
681,0.000104267,,0,0.000104267,4.17068E-05
682,0.002346211,,0,0.002346211,0.000938484
683,0.00106574,,0,0.00106574,0.000426296
684,0.00151033,,0,0.00151033,0.000604132
685,0.000319114,,0,0.000319114,0.000127646
686,8.30E-06,,0,8.30E-06,0.00000332
687,8.17E-06,,0,8.17E-06,0.000003268
688,8.12E-06,,0,8.12E-06,0.000003248
689,0.000588898,,0,0.000588898,0.000235559
690,0.000297825,,0,0.000297825,0.00011913
691,0.000439908,,0,0.000439908,0.000175963
692,1.28E-05,,0,1.28E-05,0.00000512
693,7.78E-06,,0,7.78E-06,0.000003112
694,2.04E-05,,0,2.04E-05,0.00000816
695,9.76E-05,,0,9.76E-05,0.00003904
696,0.0006893,,0,0.0006893,0.00027572
697,4.82E-05,,0,4.82E-05,0.00001928
698,5.25E-06,,0,5.25E-06,0.0000021
699,0.001203251,,0.001992529,0.001203251,0.001676818
700,0.013611943,,0.022620436,0.013611943,0.019017039
701,3.07E-05,,0,3.07E-05,0.00001228
702,0.000185175,,0,0.000185175,0.00007407
703,1.61E-05,,0,1.61E-05,0.00000644
704,5.15E-06,,0,5.15E-06,0.00000206
705,7.33E-05,,0,7.33E-05,0.00002932
706,7.23E-06,,0,7.23E-06,0.000002892
707,5.73E-06,,0,5.73E-06,0.000002292
708,8.13E-05,,0,8.13E-05,0.00003252
709,0.00021061,,0,0.00021061,0.000084244
710,0.000144805,,0,0.000144805,0.000057922
711,0.006714962,,0.010436779,0.006714962,0.008948052
712,0.000218764,,0,0.000218764,8.75056E-05
713,3.28E-05,,0,3.28E-05,0.00001312
714,9.39E-05,,0,9.39E-05,0.00003756
715,0.000446411,,0,0.000446411,0.000178564
716,2.78E-05,,0,2.78E-05,0.00001112
717,2.67E-05,,0,2.67E-05,0.00001068
718,2.75E-05,,0,2.75E-05,0.000011
719,1.78E-05,,0,1.78E-05,0.00000712
720,5.85E-05,,0,5.85E-05,0.0000234
721,0.100545499,,0,0.100545499,0.0402182
722,9.34E-07,,0,9.34E-07,3.736E-07
723,1.80E-05,,0,1.80E-05,0.0000072
724,0.014275737,,0,0.014275737,0.005710295
725,0.000106994,,0,0.000106994,4.27976E-05
726,0.14960477,,0,0.14960477,0.059841908
727,0.00010266,,0,0.00010266,0.000041064
728,0.014804868,,0,0.014804868,0.005921947
729,0.751492638,,0,0.751492638,0.300597055
730,0.405421643,,0,0.405421643,0.162168657
731,0.226339753,,0,0.226339753,0.090535901
732,0.000101573,,0,0.000101573,4.06292E-05
733,0.000513788,,0,0.000513788,0.000205515
734,0.000991798,,0,0.000991798,0.000396719
735,1.214885176,,0,1.214885176,0.48595407
736,0.578650557,,0,0.578650557,0.231460223
737,0.018916467,,0,0.018916467,0.007566587
738,0.734488449,,0,0.734488449,0.29379538
739,1.088538211,,0,1.088538211,0.435415284
740,0.306421169,,0,0.306421169,0.122568468
741,0.022462042,,0,0.022462042,0.008984817
742,0.003352435,,0,0.003352435,0.001340974
743,0.612367894,,0,0.612367894,0.244947158
744,0.001752856,,0,0.001752856,0.000701142
745,0.292344914,,0,0.292344914,0.116937966
746,0.000105658,,0,0.000105658,4.22632E-05
747,0.003643427,,0,0.003643427,0.001457371
748,0.379575648,,0,0.379575648,0.151830259
749,0.000211743,,0,0.000211743,8.46972E-05
750,1.485678538,,0,1.485678538,0.594271415
751,0.229799597,,0,0.229799597,0.091919839
752,1.485664528,,0,1.485664528,0.594265811
753,0.141071826,,0,0.141071826,0.05642873
754,0.064319446,,0,0.064319446,0.025727778
755,0.69742877,,0,0.69742877,0.278971508
756,0.175632108,,0,0.175632108,0.070252843
757,1.945586302,,0,1.945586302,0.778234521
758,1.996989208,,0,1.996989208,0.798795683
759,0.060716217,,0,0.060716217,0.024286487
760,2.821979815,,0,2.821979815,1.128791926
761,0.003426282,,0,0.003426282,0.001370513
762,1.3528116,,0,1.3528116,0.54112464
763,0.000113819,,0,0.000113819,4.55276E-05
764,0.000125329,,0,0.000125329,5.01316E-05
765,2.228938036,,0,2.228938036,0.891575214
766,2.359055337,,0,2.359055337,0.943622135
767,0.00014868,,0,0.00014868,0.000059472
768,1.91581897,,0,1.91581897,0.766327588
769,3.46E-06,,0,3.46E-06,0.000001384
770,6.00E-05,,0,6.00E-05,0.000024
771,7.12E-05,,0,7.12E-05,0.00002848
772,6.22E-05,,0,6.22E-05,0.00002488
773,7.02E-05,,0,7.02E-05,0.00002808
774,0.000219494,,0,0.000219494,8.77976E-05
775,4.02E-05,,0,4.02E-05,0.00001608
776,0.00014911,,0,0.00014911,0.000059644
777,0.011549533,,0,0.011549533,0.004619813
778,0.000248027,,0,0.000248027,9.92108E-05
779,4.10E-05,,0,4.10E-05,0.0000164
780,5.85E-05,,0,5.85E-05,0.0000234
781,0.000263595,,0,0.000263595,0.000105438
782,9.95E-05,,0,9.95E-05,0.0000398
783,5.80E-05,,0,5.80E-05,0.0000232
784,0.000196971,,0,0.000196971,7.87884E-05
785,0.000378884,,0,0.000378884,0.000151554
786,0.000436385,,0,0.000436385,0.000174554
787,0.00130783,,0,0.00130783,0.000523132
788,0.000190617,,0,0.000190617,7.62468E-05
789,0.00022962,,0,0.00022962,0.000091848
790,0.000304967,,0,0.000304967,0.000121987
791,0.082884923,,0.028192676,0.082884923,0.050069575
792,0.000418162,,0,0.000418162,0.000167265
793,0.212407377,,0.151406727,0.212407377,0.175806987
794,0.906544421,,0.957104507,0.906544421,0.936880473
795,7.035229488,,7.608741255,7.035229488,7.379336548
796,7.073955273,,7.744626503,7.073955273,7.476358011
797,4.567873319,,5.781950627,4.567873319,5.296319704
798,0.085433023,,0.042390173,0.085433023,0.059607313
799,0.000909699,,0,0.000909699,0.00036388
800,0.003057856,,0,0.003057856,0.001223142
801,0.004046994,,0,0.004046994,0.001618798
802,0.00142677,,0,0.00142677,0.000570708
803,1.858597457,,1.863704139,1.858597457,1.861661466
804,8.680607158,,9.64560187,8.680607158,9.259603985
805,7.300342962,,7.855808148,7.300342962,7.633622073
806,6.036843936,,6.450779873,6.036843936,6.285205498
807,3.516936663,,4.237753329,3.516936663,3.949426663
808,3.72776598,,4.602905488,3.72776598,4.252849685
809,1.111646921,,1.184386714,1.111646921,1.155290797
810,0.002282973,,0,0.002282973,0.000913189
811,0.000424234,,0,0.000424234,0.000169694
812,0.002721962,,0,0.002721962,0.001088785
813,0.000558713,,0,0.000558713,0.000223485
814,0.012546099,,0,0.012546099,0.00501844
815,8.572250389,,10.1831902,8.572250389,9.538814277
816,9.973487258,,11.40521945,9.973487258,10.83252657
817,0.000161697,,0,0.000161697,6.46788E-05
818,8.49E-05,,0,8.49E-05,0.00003396
819,0.292592584,,0.487372024,0.292592584,0.409460248
820,0.461076472,,0.767971035,0.461076472,0.64521321
821,0.360470037,,0.60007869,0.360470037,0.504235229
822,0.000170588,,0,0.000170588,6.82352E-05
823,2.22E-06,,0,2.22E-06,0.000000888
824,2.30E-06,,0,2.30E-06,0.00000092
825,2.27E-06,,0,2.27E-06,0.000000908
826,3.45E-06,,0,3.45E-06,0.00000138
827,9.20E-05,,0,9.20E-05,0.0000368
828,2.59E-06,,0,2.59E-06,0.000001036
829,1.14E-06,,0,1.14E-06,0.000000456
830,0.022857874,,0.036458582,0.022857874,0.031018299
831,1.37E-06,,0,1.37E-06,0.000000548
832,5.38E-05,,0,5.38E-05,0.00002152
833,0.05164949,,0.085810794,0.05164949,0.072146272
834,0.043714288,,0.072435753,0.043714288,0.060947167
835,0.001400742,,0,0.001400742,0.000560297
836,9.09E-05,,0,9.09E-05,0.00003636
837,0.001201321,,0.001991715,0.001201321,0.001675557
838,0.007628333,,0,0.007628333,0.003051333
839,3.67E-05,,0,3.67E-05,0.00001468
840,0.001084194,,0,0.001084194,0.000433678
841,2.22E-05,,0,2.22E-05,0.00000888
842,4.54E-05,,0,4.54E-05,0.00001816
843,0.004448201,,0,0.004448201,0.00177928
844,9.86E-05,,0,9.86E-05,0.00003944
845,0.042086439,,0.055959566,0.042086439,0.050410315
846,9.77E-06,,0,9.77E-06,0.000003908
847,0.07721108,,0.128482922,0.07721108,0.107974185
848,0.07402057,,0.123152061,0.07402057,0.103499465
849,8.29E-05,,0,8.29E-05,0.00003316
850,0.022571702,,0.037580836,0.022571702,0.031577183
851,2.37E-05,,0,2.37E-05,0.00000948
852,0.018135944,,0.030136678,0.018135944,0.025336384
853,0.014312765,,0.023839412,0.014312765,0.020028753
854,0.000604955,,0.000916781,0.000604955,0.000792051
855,5.91E-05,,0,5.91E-05,0.00002364
856,7.25E-05,,0,7.25E-05,0.000029
857,0.007281272,,0.011970747,0.007281272,0.010094957
858,0.004233351,,0.006943911,0.004233351,0.005859687
859,0.005242186,,0.008385585,0.005242186,0.007128225
860,1.18E-05,,0,1.18E-05,0.00000472
861,0.014655238,,0.024421528,0.014655238,0.020515012
862,0.045561937,,0.075928723,0.045561937,0.063782008
863,0.008284412,,0.013805194,0.008284412,0.011596881
864,0.010033688,,0.013916429,0.010033688,0.012363332
865,2.650223979,,0,2.650223979,1.060089592
866,0.002812514,,0,0.002812514,0.001125006
867,0.105498526,,0,0.105498526,0.04219941
868,0.004335515,,0,0.004335515,0.001734206
869,0.442041398,,0,0.442041398,0.176816559
870,4.305139021,,0,4.305139021,1.722055608
871,0.368133155,,0,0.368133155,0.147253262
872,0.001959248,,0,0.001959248,0.000783699
873,0.019249771,,0,0.019249771,0.007699908
874,0.023798289,,0,0.023798289,0.009519316
875,0.000182769,,0,0.000182769,7.31076E-05
876,0.006912306,,0,0.006912306,0.002764922
877,0.018975727,,0,0.018975727,0.007590291
878,0.001206003,,0,0.001206003,0.000482401
879,0.002249696,,0,0.002249696,0.000899878
880,0.007653331,,0,0.007653331,0.003061332
881,0.008257838,,0,0.008257838,0.003303135
882,0.162325141,,0,0.162325141,0.064930056
883,1.503714052,,0,1.503714052,0.601485621
884,0.000103099,,0,0.000103099,4.12396E-05
885,1.132851172,,0,1.132851172,0.453140469
886,0.000217929,,0,0.000217929,8.71716E-05
887,1.389045045,,0,1.389045045,0.555618018
888,0.809688752,,0,0.809688752,0.323875501
889,1.872510721,,0,1.872510721,0.749004288
890,0.000245716,,0,0.000245716,9.82864E-05
891,0.000372242,,0,0.000372242,0.000148897
892,1.181649941,,0,1.181649941,0.472659976
893,0.552192359,,0,0.552192359,0.220876944
894,0.003799756,,0,0.003799756,0.001519902
895,0.000751167,,0,0.000751167,0.000300467
896,7.47E-05,,0,7.47E-05,0.00002988
897,0.114598662,,0,0.114598662,0.045839465
898,0.013311292,,0,0.013311292,0.005324517
899,0.856499954,,0,0.856499954,0.342599982
900,0.042196485,,0,0.042196485,0.016878594
901,7.45E-07,,0,7.45E-07,0.000000298
902,0.063504274,,0,0.063504274,0.02540171
903,0.041415839,,0,0.041415839,0.016566336
904,0.029376966,,0,0.029376966,0.011750786
905,3.443898535,,0,3.443898535,1.377559414
906,2.680955028,,0,2.680955028,1.072382011
907,0.325054825,,0,0.325054825,0.13002193
908,0.097244812,,0,0.097244812,0.038897925
909,0.007212994,,0,0.007212994,0.002885198
910,0.300797349,,0,0.300797349,0.12031894
911,7.85E-05,,0,7.85E-05,0.0000314
912,0.157781655,,0,0.157781655,0.063112662
913,3.538702131,,3.372321385,3.538702131,3.438873683
914,1.914567991,,1.272742973,1.914567991,1.52947298
915,1.759039918,,1.652116219,1.759039918,1.694885699
916,0.747514562,,0.553060882,0.747514562,0.630842354
917,0.848356513,,0.309721808,0.848356513,0.52517569
918,0.593594619,,0.576556502,0.593594619,0.583371749
919,0.724375794,,0.946326105,0.724375794,0.85754598
920,0.105095127,,0.02088048,0.105095127,0.054566339
921,3.015079223,,3.310209243,3.015079223,3.192157235
922,7.771604516,,8.501073233,7.771604516,8.209285746
923,12.26300251,,13.45902525,12.26300251,12.98061615
924,14.3285145,,15.64646636,14.3285145,15.11928561
925,16.79627549,,18.06134549,16.79627549,17.55531749
926,15.23941733,,15.79304888,15.23941733,15.57159626
927,16.40060687,,17.62195871,16.40060687,17.13341797
928,13.42818536,,13.66816134,13.42818536,13.57217095
929,13.50217774,,13.30266217,13.50217774,13.3824684
930,13.94865606,,13.3733855,13.94865606,13.60349372
931,10.23956712,,8.028634342,10.23956712,8.913007453
932,1.769986571,,1.601930391,1.769986571,1.669152863
933,0.789091796,,0.669190858,0.789091796,0.717151233
934,0.821101923,,0.793458617,0.821101923,0.80451594
935,5.897159863,,5.028632321,5.897159863,5.376043338
936,6.838378618,,5.645872534,6.838378618,6.122874968
937,8.179108842,,8.026439667,8.179108842,8.087507337
938,2.178754271,,1.992281792,2.178754271,2.066870784
939,8.166237271,,9.201533949,8.166237271,8.787415278
940,4.832532779,,5.664358387,4.832532779,5.331628144
941,1.066140343,,1.145524416,1.066140343,1.113770787
942,0.722890001,,0.792054342,0.722890001,0.764388606
943,0.537038328,,0.555964132,0.537038328,0.54839381
944,0.32291032,,0.290483231,0.32291032,0.303454067
945,0.28017419,,0.17139688,0.28017419,0.214907804
946,9.459499414,,11.31268543,9.459499414,10.57141103
947,10.49606703,,11.91125534,10.49606703,11.34518001
948,12.65813955,,14.80610653,12.65813955,13.94691974
949,9.620026127,,9.887089418,9.620026127,9.780264102
950,9.818469325,,9.968870952,9.818469325,9.908710301
951,10.02999322,,10.41117723,10.02999322,10.25870363
952,7.747774724,,7.617136552,7.747774724,7.669391821
953,2.460167983,,1.777927135,2.460167983,2.050823474
954,0.110439976,,0,0.110439976,0.04417599
955,0.054270703,,0,0.054270703,0.021708281
956,0.054753883,,0,0.054753883,0.021901553
957,0.150658509,,0.023223522,0.150658509,0.074197517
958,0.978483652,,0.71754939,0.978483652,0.821923095
959,5.275011796,,5.035741785,5.275011796,5.13144979
960,2.926230218,,3.221127349,2.926230218,3.103168496
961,2.119433758,,2.212488703,2.119433758,2.175266725
962,2.230367317,,1.883509912,2.230367317,2.022252874
963,3.812401462,,3.344869812,3.812401462,3.531882472
964,4.946883113,,5.091006259,4.946883113,5.033357001
965,3.718499116,,2.998013816,3.718499116,3.286207936
966,0.30809525,,0,0.30809525,0.1232381
967,0.004079163,,0,0.004079163,0.001631665
968,0.014070556,,0,0.014070556,0.005628222
969,0.039199848,,0,0.039199848,0.015679939
970,0.622347111,,0.190923154,0.622347111,0.363492737
971,5.580308033,,5.817832798,5.580308033,5.722822892
972,2.738029693,,2.333299356,2.738029693,2.495191491
973,1.947769513,,2.031554319,1.947769513,1.998040397
974,3.019073191,,2.560176729,3.019073191,2.743735314
975,0.205121257,,0,0.205121257,0.082048503
976,0.015329617,,0,0.015329617,0.006131847
977,0.002906963,,0,0.002906963,0.001162785
978,0.007217337,,0,0.007217337,0.002886935
979,0.001949559,,0,0.001949559,0.000779824
980,0.000778275,,0,0.000778275,0.00031131
981,0.001940278,,0,0.001940278,0.000776111
982,0.035396571,,0.014039049,0.035396571,0.022582058
983,0.042355926,,0.021364335,0.042355926,0.029760971
984,0.011525574,,0,0.011525574,0.00461023
985,0.013592291,,0,0.013592291,0.005436916
986,0.113321573,,0.080336368,0.113321573,0.09353045
987,0.099270528,,0,0.099270528,0.039708211
988,0.227460154,,0.095199406,0.227460154,0.148103705
989,0.077332636,,0.041443597,0.077332636,0.055799212
990,0.009804933,,0,0.009804933,0.003921973
991,0.004169665,,0,0.004169665,0.001667866
992,0.047538929,,0.029928344,0.047538929,0.036972578
993,0.473408055,,0.507130373,0.473408055,0.493641446
994,0.063480836,,0.01532825,0.063480836,0.034589285
995,0.009095009,,0,0.009095009,0.003638004
996,0.252145524,,0.227800242,0.252145524,0.237538355
997,1.770450967,,1.89469082,1.770450967,1.844994879
998,0.367093912,,0.448994396,0.367093912,0.416234202
999,0.351230358,,0.506427618,0.351230358,0.444348714
1000,0.287177378,,0.385906528,0.287177378,0.346414868
1001,0.003290611,,0,0.003290611,0.001316244
1002,0.004906099,,0,0.004906099,0.00196244
1003,0.021693035,,0.033093245,0.021693035,0.028533161
1004,0.000121794,,0,0.000121794,4.87176E-05
1005,0.002992255,,0,0.002992255,0.001196902
1006,0.002277539,,0,0.002277539,0.000911016
1007,0.003200047,,0,0.003200047,0.001280019
1008,3.48E-05,,0,3.48E-05,0.00001392
1009,0.025686186,,0,0.025686186,0.010274474
1010,1.692915786,,0,1.692915786,0.677166314
1011,0.000221136,,0,0.000221136,8.84544E-05
1012,4.275758585,,0,4.275758585,1.710303434
1013,0.211541512,,0,0.211541512,0.084616605
1014,0.001281604,,0,0.001281604,0.000512642
1015,0.285254399,,0,0.285254399,0.11410176
1016,0.378744891,,0,0.378744891,0.151497956
1017,0.6695642,,0,0.6695642,0.26782568
1018,0.000106159,,0,0.000106159,4.24636E-05
1019,0.000881157,,0,0.000881157,0.000352463
1020,0.000780688,,0,0.000780688,0.000312275
1021,0.002955363,,0,0.002955363,0.001182145
1022,0.992691695,,0,0.992691695,0.397076678
1023,0.00473876,,0,0.00473876,0.001895504
1024,3.08044087,,0,3.08044087,1.232176348
1025,0.5614053,,0,0.5614053,0.22456212
1026,1.384124866,,0,1.384124866,0.553649946
1027,1.831416849,,0,1.831416849,0.73256674
1028,0.920293759,,0,0.920293759,0.368117504
1029,0.022949028,,0,0.022949028,0.009179611
1030,4.186176129,,0,4.186176129,1.674470452
1031,2.27643256,,0,2.27643256,0.910573024
1032,0.434872537,,0,0.434872537,0.173949015
1033,4.577302111,,0,4.577302111,1.830920844
1034,0.019264534,,0,0.019264534,0.007705814
1035,5.924821657,,0,5.924821657,2.369928663
1036,0.004649442,,0,0.004649442,0.001859777
1037,0.020792555,,0,0.020792555,0.008317022
1038,0.012751854,,0,0.012751854,0.005100742
1039,0.017210357,,0,0.017210357,0.006884143
1040,0.112325041,,0,0.112325041,0.044930016
1041,2.52E-05,,0,2.52E-05,0.00001008
1042,0.261573123,,0,0.261573123,0.104629249
1043,0.009432689,,0,0.009432689,0.003773076
1044,4.181348927,,0,4.181348927,1.672539571
1045,0.625821428,,0,0.625821428,0.250328571
1046,5.905100328,,0,5.905100328,2.362040131
1047,0.000143908,,0,0.000143908,5.75632E-05
1048,0.000352027,,0,0.000352027,0.000140811
1049,0.278727156,,0,0.278727156,0.111490862
1050,0.021386265,,0,0.021386265,0.008554506
1051,0.285289446,,0,0.285289446,0.114115778
1052,0.059592222,,0,0.059592222,0.023836889
1053,0.157526574,,0,0.157526574,0.06301063
1054,0.080292788,,0,0.080292788,0.032117115
1055,0.008458404,,0,0.008458404,0.003383362
1056,1.65E-05,,0,1.65E-05,0.0000066
1057,8.596792478,,8.458536392,8.596792478,8.513838827
1058,8.944833222,,8.842943017,8.944833222,8.883699099
1059,7.549164222,,7.478144354,7.549164222,7.506552301
1060,9.615813632,,9.313216013,9.615813632,9.43425506
1061,5.684085176,,5.264255027,5.684085176,5.432187087
1062,3.020239796,,2.543989431,3.020239796,2.734489577
1063,2.579818073,,2.550042057,2.579818073,2.561952463
1064,5.232917331,,5.075378698,5.232917331,5.138394151
1065,2.007311256,,1.917226354,2.007311256,1.953260315
1066,7.087812608,,6.21646154,7.087812608,6.565001967
1067,7.092727972,,6.165534875,7.092727972,6.536412114
1068,4.617872813,,3.516353208,4.617872813,3.95696105
1069,3.922044608,,3.112051686,3.922044608,3.436048855
1070,6.202150661,,4.959381209,6.202150661,5.45648899
1071,4.158778191,,3.738264148,4.158778191,3.906469765
1072,3.791650598,,3.28048663,3.791650598,3.484952217
1073,2.180214367,,1.490988906,2.180214367,1.76667909
1074,2.006004928,,2.157135482,2.006004928,2.09668326
1075,1.810855066,,1.496439563,1.810855066,1.622205764
1076,2.246994889,,1.820436767,2.246994889,1.991060016
1077,0.901207832,,0.390871631,0.901207832,0.595006111
1078,0.984704562,,0.899946997,0.984704562,0.933850023
1079,2.268076151,,2.184728415,2.268076151,2.218067509
1080,3.790897218,,3.204011251,3.790897218,3.438765638
1081,2.086239366,,1.487159949,2.086239366,1.726791716
1082,2.232444097,,1.639376219,2.232444097,1.87660337
1083,1.000288228,,0.292690009,1.000288228,0.575729297
1084,1.393643419,,0.988998425,1.393643419,1.150856422
1085,4.192857607,,4.123486547,4.192857607,4.151234971
1086,3.844427493,,4.002783518,3.844427493,3.939441108
1087,0.54892279,,0.133913376,0.54892279,0.299917141
1088,0.734148455,,0.478983083,0.734148455,0.581049232
1089,0.956436498,,0.643524183,0.956436498,0.768689109
1090,0.906680965,,0.751809379,0.906680965,0.813758013
1091,1.22404373,,1.140668927,1.22404373,1.174018848
1092,2.189518177,,2.159658322,2.189518177,2.171602264
1093,3.980485323,,4.758303889,3.980485323,4.447176462
1094,3.612229509,,4.001171423,3.612229509,3.845594657
1095,2.695541965,,2.60316116,2.695541965,2.640113482
1096,2.372871245,,2.20391633,2.372871245,2.271498296
1097,0.599159991,,0.403492172,0.599159991,0.4817593
1098,0.060890151,,0,0.060890151,0.02435606
1099,0.961818336,,0.623094554,0.961818336,0.758584067
1100,0.739800138,,0.618989373,0.739800138,0.667313679
1101,6.155857509,,6.969527139,6.155857509,6.644059287
1102,2.498637058,,2.678021038,2.498637058,2.606267446
1103,1.281807885,,1.005673251,1.281807885,1.116127105
1104,2.647809398,,2.498702562,2.647809398,2.558345296
1105,0.000372013,,0,0.000372013,0.000148805
1106,3.42E-05,,0,3.42E-05,0.00001368
1107,8.21E-05,,0,8.21E-05,0.00003284
1108,3.62E-05,,0,3.62E-05,0.00001448
1109,0.000236294,,0,0.000236294,9.45176E-05
1110,0.000917991,,0,0.000917991,0.000367196
1111,0.000317762,,0,0.000317762,0.000127105
1112,0.001442514,,0,0.001442514,0.000577006
1113,0.000818199,,0,0.000818199,0.00032728
1114,0.000810871,,0,0.000810871,0.000324348
1115,1.528834558,,1.436619693,1.528834558,1.473505639
1116,0.270582792,,0.206960494,0.270582792,0.232409413
1117,0.01055795,,0,0.01055795,0.00422318
1118,0.000123384,,0,0.000123384,4.93536E-05
1119,0.000643435,,0,0.000643435,0.000257374
1120,0.053467112,,0,0.053467112,0.021386845
1121,0.004667318,,0,0.004667318,0.001866927
1122,0.10418985,,0,0.10418985,0.04167594
1123,2.07776987,,1.070031619,2.07776987,1.473126919
1124,1.622309821,,1.02987542,1.622309821,1.26684918
1125,0.679875453,,0.566570715,0.679875453,0.61189261
1126,8.61E-07,,0,8.61E-07,3.444E-07
1127,0.000124887,,0,0.000124887,4.99548E-05
1128,0.000126732,,0,0.000126732,5.06928E-05
1129,0.000591343,,0,0.000591343,0.000236537
1130,0.000603839,,0,0.000603839,0.000241536
1131,0.268281386,,0.406436515,0.268281386,0.351174463
1132,0.000470576,,0,0.000470576,0.00018823
1133,0.000207392,,0,0.000207392,8.29568E-05
1134,5.61E-05,,0,5.61E-05,0.00002244
1135,0.000356781,,0,0.000356781,0.000142712
1136,9.71E-07,,0,9.71E-07,3.884E-07
1137,2.53E-07,,0,2.53E-07,1.012E-07
1138,1.06E-06,,0,1.06E-06,0.000000424
1139,4.91E-05,,0,4.91E-05,0.00001964
1140,5.65E-05,,0,5.65E-05,0.0000226
1141,8.51E-05,,0,8.51E-05,0.00003404
1142,8.47E-05,,0,8.47E-05,0.00003388
1143,2.74E-05,,0,2.74E-05,0.00001096
1144,2.73E-05,,0,2.73E-05,0.00001092
1145,0.000377842,,0,0.000377842,0.000151137
1146,0.00639123,,0.008818581,0.00639123,0.007847641
1147,0.096722407,,0,0.096722407,0.038688963
1148,0.001599381,,0,0.001599381,0.000639752
1149,0.002357357,,0,0.002357357,0.000942943
1150,0.048717342,,0.042048017,0.048717342,0.044715747
1151,0.030821787,,0,0.030821787,0.012328715
1152,0.000127962,,0,0.000127962,5.11848E-05
1153,1.304879726,,0,1.304879726,0.52195189
1154,1.424414715,,0,1.424414715,0.569765886
1155,0.000293675,,0,0.000293675,0.00011747
1156,0.009138394,,0,0.009138394,0.003655358
1157,7.13E-05,,0,7.13E-05,0.00002852
1158,2.290206238,,0,2.290206238,0.916082495
1159,0.001631956,,0,0.001631956,0.000652782
1160,2.57E-05,,0,2.57E-05,0.00001028
1161,0.000357468,,0,0.000357468,0.000142987
1162,0.348231016,,0,0.348231016,0.139292406
1163,0.000916547,,0,0.000916547,0.000366619
1164,0.000389386,,0,0.000389386,0.000155754
1165,2.139295548,,0,2.139295548,0.855718219
1166,3.25E-05,,0,3.25E-05,0.000013
1167,0.051389199,,0,0.051389199,0.02055568
1168,0.006323473,,0,0.006323473,0.002529389
1169,0.190930396,,0,0.190930396,0.076372158
1170,1.855651551,,0,1.855651551,0.74226062
1171,0.180740972,,0,0.180740972,0.072296389
1172,0.000147623,,0,0.000147623,5.90492E-05
1173,0.000956622,,0,0.000956622,0.000382649
1174,1.093620958,,0,1.093620958,0.437448383
1175,0.000538882,,0,0.000538882,0.000215553
1176,4.25976587,,0,4.25976587,1.703906348
1177,0.000292375,,0,0.000292375,0.00011695
1178,0.000100067,,0,0.000100067,4.00268E-05
1179,0.001279121,,0,0.001279121,0.000511648
1180,0.006666879,,0,0.006666879,0.002666752
1181,0.752178984,,0,0.752178984,0.300871594
1182,0.036420714,,0,0.036420714,0.014568286
1183,0.264172685,,0,0.264172685,0.105669074
1184,0.865752432,,0,0.865752432,0.346300973
1185,0.000827417,,0,0.000827417,0.000330967
1186,0.173752226,,0,0.173752226,0.06950089
1187,1.562944999,,0,1.562944999,0.625178
1188,0.037347654,,0,0.037347654,0.014939062
1189,0.017381399,,0,0.017381399,0.00695256
1190,0.232946248,,0,0.232946248,0.093178499
1191,3.956067,,0,3.956067,1.5824268
1192,0.005053686,,0,0.005053686,0.002021474
1193,0.000224236,,0,0.000224236,8.96944E-05
1194,2.377738755,,0,2.377738755,0.951095502
1195,0.004472887,,0,0.004472887,0.001789155
1196,1.239275365,,0,1.239275365,0.495710146
1197,0.006516337,,0,0.006516337,0.002606535
1198,2.384706789,,0,2.384706789,0.953882716
1199,0.001170376,,0,0.001170376,0.00046815
1200,1.064570786,,0,1.064570786,0.425828314
1201,8.126150772,,7.606440477,8.126150772,7.814324595
1202,8.305476072,,7.368920011,8.305476072,7.743542435
1203,7.451461388,,6.159453581,7.451461388,6.676256704
1204,8.006554713,,7.111654638,8.006554713,7.469614668
1205,10.29367126,,10.32677689,10.29367126,10.31353464
1206,2.928609922,,1.953320095,2.928609922,2.343436026
1207,0.454026424,,0.165946182,0.454026424,0.281178279
1208,0.10646597,,0,0.10646597,0.042586388
1209,0.065875423,,0,0.065875423,0.026350169
1210,0.772042663,,0.381775897,0.772042663,0.537882603
1211,6.589622598,,5.57045864,6.589622598,5.978124223
1212,10.16379754,,10.0250761,10.16379754,10.08056467
1213,9.072911485,,8.820074776,9.072911485,8.92120946
1214,11.04234434,,10.89228286,11.04234434,10.95230745
1215,11.8363647,,12.23083896,11.8363647,12.07304925
1216,10.62398669,,10.56556979,10.62398669,10.58893655
1217,11.25982938,,11.26711761,11.25982938,11.26420232
1218,7.161413213,,6.638594094,7.161413213,6.847721741
1219,4.904839291,,4.792499018,4.904839291,4.837435127
1220,2.824029279,,2.696965165,2.824029279,2.747790811
1221,2.176711736,,2.332846814,2.176711736,2.270392783
1222,4.080289387,,3.882775763,4.080289387,3.961781213
1223,10.19931747,,9.422781323,10.19931747,9.733395782
1224,9.490088918,,8.859883944,9.490088918,9.111965933
1225,10.98483607,,10.79976639,10.98483607,10.87379426
1226,14.29892079,,15.27486373,14.29892079,14.88448655
1227,12.22835025,,12.25803535,12.22835025,12.24616131
1228,10.6145425,,10.54611063,10.6145425,10.57348338
1229,9.027487301,,9.309941474,9.027487301,9.196959805
1230,6.013864114,,6.808454701,6.013864114,6.490618466
1231,0.097678249,,0,0.097678249,0.0390713
1232,0.133454478,,0.090846738,0.133454478,0.107889834
1233,0.873454293,,0.889677796,0.873454293,0.883188395
1234,4.429324578,,3.59293812,4.429324578,3.927492703
1235,11.00795083,,10.21283202,11.00795083,10.53087954
1236,8.457066814,,6.893870351,8.457066814,7.519148936
1237,8.050219465,,7.58089717,8.050219465,7.768626088
1238,5.893353734,,5.31758751,5.893353734,5.547893999
1239,4.749451717,,3.914109022,4.749451717,4.2482461
1240,6.497310448,,5.202206676,6.497310448,5.720248185
1241,7.730344647,,7.353924436,7.730344647,7.50449252
1242,2.871835003,,2.345603414,2.871835003,2.55609605
1243,1.245482216,,1.207459481,1.245482216,1.222668575
1244,0.859885337,,0.623833119,0.859885337,0.718254006
1245,0.350562246,,0,0.350562246,0.140224898
1246,0.976765806,,1.136583304,0.976765806,1.072656305
1247,0.429712294,,0.28163032,0.429712294,0.340863109
1248,0.399338504,,0.354673859,0.399338504,0.372539717
1249,0.005552332,,0.003317182,0.005552332,0.004211242
1250,0.00266364,,0,0.00266364,0.001065456
1251,0.002920944,,0,0.002920944,0.001168378
1252,0.002885194,,0,0.002885194,0.001154078
1253,0.002962879,,0,0.002962879,0.001185152
1254,0.003531233,,0,0.003531233,0.001412493
1255,0.003071491,,0,0.003071491,0.001228596
1256,0.005197995,,0,0.005197995,0.002079198
1257,0.013771099,,0.016478723,0.013771099,0.015395673
1258,0.00872143,,0.005413311,0.00872143,0.006736559
1259,0.004564739,,0,0.004564739,0.001825896
1260,0.023584514,,0.033933529,0.023584514,0.029793923
1261,0.001608162,,0,0.001608162,0.000643265
1262,0.001109216,,0,0.001109216,0.000443686
1263,0.001245996,,0,0.001245996,0.000498398
1264,0.001178641,,0,0.001178641,0.000471456
1265,0.00118965,,0,0.00118965,0.00047586
1266,0.001729244,,0,0.001729244,0.000691698
1267,0.001392198,,0,0.001392198,0.000556879
1268,0.001740752,,0,0.001740752,0.000696301
1269,0.001214336,,0,0.001214336,0.000485734
1270,0.001966569,,0,0.001966569,0.000786628
1271,0.000883914,,0,0.000883914,0.000353566
1272,0.000796225,,0,0.000796225,0.00031849
1273,2.44E-05,,0,2.44E-05,0.00000976
1274,4.24E-05,,0,4.24E-05,0.00001696
1275,8.89E-05,,0,8.89E-05,0.00003556
1276,0.000475977,,0,0.000475977,0.000190391
1277,9.97E-05,,0,9.97E-05,0.00003988
1278,0.000715236,,0,0.000715236,0.000286094
1279,0.000544829,,0,0.000544829,0.000217932
1280,0.000122874,,0,0.000122874,4.91496E-05
1281,9.11E-05,,0,9.11E-05,0.00003644
1282,0.583765308,,0.525826547,0.583765308,0.549002051
1283,0.879024557,,1.024208785,0.879024557,0.966135094
1284,4.69477237,,4.900884103,4.69477237,4.81843941
1285,3.244179805,,3.324961297,3.244179805,3.2926487
1286,3.580372303,,3.471958058,3.580372303,3.515323756
1287,6.199853622,,6.522570089,6.199853622,6.393483502
1288,9.202046514,,9.369704256,9.202046514,9.302641159
1289,10.4647719,,10.87132592,10.4647719,10.70870431
1290,4.082779893,,4.979024441,4.082779893,4.620526622
1291,0.350266886,,0.246356443,0.350266886,0.28792062
1292,0.070481161,,0,0.070481161,0.028192464
1293,0.028829115,,0.040804662,0.028829115,0.036014443
1294,0.004333517,,0,0.004333517,0.001733407
1295,0.721677028,,0.885997629,0.721677028,0.820269388
1296,0.29300226,,0.192322305,0.29300226,0.232594287
1297,0.775005945,,0,0.775005945,0.310002378
1298,0.509136317,,0,0.509136317,0.203654527
1299,0.001720066,,0,0.001720066,0.000688026
1300,0.000439389,,0,0.000439389,0.000175756
1301,0.000535789,,0,0.000535789,0.000214316
1302,0.000446157,,0,0.000446157,0.000178463
1303,0.002115565,,0,0.002115565,0.000846226
1304,1.751873464,,0,1.751873464,0.700749386
1305,0.180763669,,0,0.180763669,0.072305468
1306,0.002867349,,0,0.002867349,0.00114694
1307,0.037380758,,0,0.037380758,0.014952303
1308,5.368720384,,0,5.368720384,2.147488154
1309,0.002820481,,0,0.002820481,0.001128192
1310,0.004274008,,0,0.004274008,0.001709603
1311,0.002643563,,0,0.002643563,0.001057425
1312,0.007039714,,0,0.007039714,0.002815886
1313,0.126281285,,0,0.126281285,0.050512514
1314,4.983901336,,0,4.983901336,1.993560534
1315,0.00342737,,0,0.00342737,0.001370948
1316,0.163612408,,0,0.163612408,0.065444963
1317,1.053944382,,0,1.053944382,0.421577753
1318,0.130437438,,0,0.130437438,0.052174975
1319,0.000539787,,0,0.000539787,0.000215915
1320,0.002949563,,0,0.002949563,0.001179825
1321,1.298786686,,0,1.298786686,0.519514674
1322,0.001039229,,0,0.001039229,0.000415692
1323,0.001183412,,0,0.001183412,0.000473365
1324,0.001347489,,0,0.001347489,0.000538996
1325,0.041668107,,0,0.041668107,0.016667243
1326,0.021180549,,0,0.021180549,0.00847222
1327,0.002893918,,0,0.002893918,0.001157567
1328,3.530192265,,0,3.530192265,1.412076906
1329,0.00491038,,0,0.00491038,0.001964152
1330,0.163618706,,0,0.163618706,0.065447482
1331,0.092588654,,0,0.092588654,0.037035462
1332,0.035650986,,0,0.035650986,0.014260394
1333,0.001716512,,0,0.001716512,0.000686605
1334,0.018831958,,0,0.018831958,0.007532783
1335,0.00868661,,0,0.00868661,0.003474644
1336,0.001004448,,0,0.001004448,0.000401779
1337,0.36285902,,0,0.36285902,0.145143608
1338,0.004928169,,0,0.004928169,0.001971268
1339,1.086920713,,0,1.086920713,0.434768285
1340,1.149236346,,0,1.149236346,0.459694538
1341,1.362537245,,0,1.362537245,0.545014898
1342,0.008629584,,0,0.008629584,0.003451834
1343,1.342126218,,0,1.342126218,0.536850487
1344,0.000478338,,0,0.000478338,0.000191335
1345,1.44E-06,,0,1.44E-06,0.000000576
1346,1.52E-06,,0,1.52E-06,0.000000608
1347,1.52E-06,,0,1.52E-06,0.000000608
1348,0.000112083,,0,0.000112083,4.48332E-05
1349,1.79E-06,,0,1.79E-06,0.000000716
1350,0.000116595,,0,0.000116595,0.000046638
1351,1.30E-06,,0,1.30E-06,0.00000052
1352,0.000157509,,0,0.000157509,6.30036E-05
1353,7.93E-07,,0,7.93E-07,3.172E-07
1354,1.13E-05,,0,1.13E-05,0.00000452
1355,1.11E-06,,0,1.11E-06,0.000000444
1356,2.99E-06,,0,2.99E-06,0.000001196
1357,1.11E-06,,0,1.11E-06,0.000000444
1358,0.001039438,,0,0.001039438,0.000415775
1359,0.000117135,,0,0.000117135,0.000046854
1360,5.67E-05,,0,5.67E-05,0.00002268
1361,6.89E-05,,0,6.89E-05,0.00002756
1362,0.000726356,,0,0.000726356,0.000290542
1363,0.000106273,,0,0.000106273,4.25092E-05
1364,0.025338096,,0.03958475,0.025338096,0.033886089
1365,0.027631727,,0.042759119,0.027631727,0.036708162
1366,0.000802808,,0,0.000802808,0.000321123
1367,0.000102861,,0,0.000102861,4.11444E-05
1368,0.000258936,,0,0.000258936,0.000103574
1369,0.000711614,,0,0.000711614,0.000284646
1370,0.000333188,,0,0.000333188,0.000133275
1371,0.001009502,,0,0.001009502,0.000403801
1372,0.000882691,,0,0.000882691,0.000353076
1373,0.00035301,,0,0.00035301,0.000141204
1374,0.000848824,,0,0.000848824,0.00033953
1375,0.000701513,,0,0.000701513,0.000280605
1376,0.000904995,,0,0.000904995,0.000361998
1377,0.000898279,,0,0.000898279,0.000359312
1378,0.000505759,,0,0.000505759,0.000202304
1379,0.040037151,,0,0.040037151,0.01601486
1380,3.519471457,,3.32339025,3.519471457,3.401822733
1381,3.801909136,,4.50861272,3.801909136,4.225931287
1382,2.236528555,,2.544751353,2.236528555,2.421462234
1383,4.05683252,,4.534453061,4.05683252,4.343404845
1384,3.098003864,,3.103094671,3.098003864,3.101058348
1385,0.12944894,,0.18038455,0.12944894,0.160010306
1386,0.000446182,,0,0.000446182,0.000178473
1387,0.000877876,,0,0.000877876,0.00035115
1388,0.000403629,,0,0.000403629,0.000161452
1389,0.001545226,,0,0.001545226,0.00061809
1390,0.000301089,,0,0.000301089,0.000120436
1391,7.16E-05,,0,7.16E-05,0.00002864
1392,0.000140328,,0,0.000140328,5.61312E-05
1393,1.71E-06,,0,1.71E-06,0.000000684
1394,1.71E-06,,0,1.71E-06,0.000000684
1395,1.71E-06,,0,1.71E-06,0.000000684
1396,0.00011319,,0,0.00011319,0.000045276
1397,5.12E-05,,0,5.12E-05,0.00002048
1398,1.18E-05,,0,1.18E-05,0.00000472
1399,4.61E-07,,0,4.61E-07,1.844E-07
1400,9.23E-06,,0,9.23E-06,0.000003692
1401,1.74E-06,,0,1.74E-06,0.000000696
1402,3.23E-06,,0,3.23E-06,0.000001292
1403,1.71E-06,,0,1.71E-06,0.000000684
1404,1.71E-06,,0,1.71E-06,0.000000684
1405,0.040453627,,0.06742032,0.040453627,0.056633643
1406,0.032278542,,0.05379563,0.032278542,0.045188795
1407,2.85E-07,,0,2.85E-07,0.000000114
1408,0.020443227,,0.034070757,0.020443227,0.028619745
1409,0.059774397,,0.096517048,0.059774397,0.081819988
1410,6.42E-07,,0,6.42E-07,2.568E-07
1411,3.19E-07,,0,3.19E-07,1.276E-07
1412,3.22E-07,,0,3.22E-07,1.288E-07
1413,1.95E-06,,0,1.95E-06,0.00000078
1414,0.024110148,,0.040182156,0.024110148,0.033753353
1415,4.49E-05,,0,4.49E-05,0.00001796
1416,2.26E-05,,0,2.26E-05,0.00000904
1417,3.43E-05,,0,3.43E-05,0.00001372
1418,3.48E-05,,0,3.48E-05,0.00001392
1419,6.79E-05,,0,6.79E-05,0.00002716
1420,1.22E-05,,0,1.22E-05,0.00000488
1421,1.50E-06,,0,1.50E-06,0.0000006
1422,9.01E-06,,0,9.01E-06,0.000003604
1423,0.000867453,,0,0.000867453,0.000346981
1424,7.29E-07,,0,7.29E-07,2.916E-07
1425,7.29E-07,,0,7.29E-07,2.916E-07
1426,7.60E-06,,0,7.60E-06,0.00000304
1427,0.049495692,,0.082488923,0.049495692,0.06929163
1428,2.32E-05,,0,2.32E-05,0.00000928
1429,8.66E-07,,0,8.66E-07,3.464E-07
1430,1.52E-06,,0,1.52E-06,0.000000608
1431,2.09E-06,,0,2.09E-06,0.000000836
1432,2.09E-06,,0,2.09E-06,0.000000836
1433,1.46E-05,,0,1.46E-05,0.00000584
1434,2.31E-06,,0,2.31E-06,0.000000924
1435,0.014827115,,0.023630299,0.014827115,0.020109025
1436,0.015038743,,0.025043433,0.015038743,0.021041557
1437,0.030986483,,0.051639815,0.030986483,0.043378482
1438,0.014585081,,0.024287417,0.014585081,0.020406483
1439,0.001987903,,0.003311076,0.001987903,0.002781807
1440,1.38E-06,,0,1.38E-06,0.000000552
1441,7.45E-07,,0,7.45E-07,0.000000298
1442,7.45E-07,,0,7.45E-07,0.000000298
1443,7.45E-07,,0,7.45E-07,0.000000298
1444,7.69E-07,,0,7.69E-07,3.076E-07
1445,0.004374139,,0.007269804,0.004374139,0.006111538
1446,7.43E-07,,0,7.43E-07,2.972E-07
1447,3.63E-06,,0,3.63E-06,0.000001452
1448,0.00745937,,0,0.00745937,0.002983748
1449,3.77E-07,,0,3.77E-07,1.508E-07
1450,0.000474172,,0,0.000474172,0.000189669
1451,1.19E-05,,0,1.19E-05,0.00000476
1452,7.69E-07,,0,7.69E-07,3.076E-07
1453,3.43E-07,,0,3.43E-07,1.372E-07
1454,1.09E-06,,0,1.09E-06,0.000000436
1455,1.09E-06,,0,1.09E-06,0.000000436
1456,1.13E-06,,0,1.13E-06,0.000000452
1457,9.01E-07,,0,9.01E-07,3.604E-07
1458,3.06E-07,,0,3.06E-07,1.224E-07
1459,0.000206492,,0,0.000206492,8.25968E-05
1460,1.32E-05,,0,1.32E-05,0.00000528
1461,2.41E-05,,0,2.41E-05,0.00000964
1462,1.31E-05,,0,1.31E-05,0.00000524
1463,2.03E-07,,0,2.03E-07,8.12E-08
1464,2.03E-07,,0,2.03E-07,8.12E-08
1465,3.28E-07,,0,3.28E-07,1.312E-07
1466,3.61E-07,,0,3.61E-07,1.444E-07
1467,1.24E-05,,0,1.24E-05,0.00000496
1468,0.001964198,,0,0.001964198,0.000785679
1469,1.48E-05,,0,1.48E-05,0.00000592
1470,0.000682373,,0,0.000682373,0.000272949
1471,0.001139445,,0,0.001139445,0.000455778
1472,5.11E-07,,0,5.11E-07,2.044E-07
1473,4.01E-07,,0,4.01E-07,1.604E-07
1474,2.26E-05,,0,2.26E-05,0.00000904
1475,3.64E-07,,0,3.64E-07,1.456E-07
1476,3.64E-07,,0,3.64E-07,1.456E-07
1477,4.78E-07,,0,4.78E-07,1.912E-07
1478,1.26E-05,,0,1.26E-05,0.00000504
1479,6.74E-05,,0,6.74E-05,0.00002696
1480,1.18E-05,,0,1.18E-05,0.00000472
1481,0.150522769,,0.249710201,0.150522769,0.210035228
1482,0.057356026,,0.092977895,0.057356026,0.078729147
1483,0.290179854,,0.48098621,0.290179854,0.404663668
1484,0.000803287,,0,0.000803287,0.000321315
1485,0.000525201,,0,0.000525201,0.00021008
1486,0.001702798,,0,0.001702798,0.000681119
1487,0.000747253,,0,0.000747253,0.000298901
1488,0.000457398,,0,0.000457398,0.000182959
1489,0.00522942,,0,0.00522942,0.002091768
1490,0.00522942,,0,0.00522942,0.002091768
1491,0.011661964,,0,0.011661964,0.004664786
1492,0.006098952,,0,0.006098952,0.002439581
1493,0.008891902,,0,0.008891902,0.003556761
1494,0.012293679,,0,0.012293679,0.004917472
1495,0.103730183,,0.151118116,0.103730183,0.132162943
1496,0.005997712,,0,0.005997712,0.002399085
1497,1.67E-05,,0,1.67E-05,0.00000668
1498,0.000319017,,0,0.000319017,0.000127607
1499,0.000112488,,0,0.000112488,4.49952E-05
1500,0.000118062,,0,0.000118062,4.72248E-05
1501,0.001478173,,0,0.001478173,0.000591269
1502,0.005970927,,0,0.005970927,0.002388371
1503,0.006193711,,0,0.006193711,0.002477484
1504,0.00613813,,0,0.00613813,0.002455252
1505,0.047860644,,0.069479763,0.047860644,0.060832115
1506,0.009625711,,0,0.009625711,0.003850284
1507,0.002702305,,0,0.002702305,0.001080922
1508,0.001210432,,0,0.001210432,0.000484173
1509,0.00145607,,0,0.00145607,0.000582428
1510,0.000660056,,0,0.000660056,0.000264022
1511,0.000653201,,0,0.000653201,0.00026128
1512,0.000653201,,0,0.000653201,0.00026128
1513,0.000164772,,0,0.000164772,6.59088E-05
1514,0.000209292,,0,0.000209292,8.37168E-05
1515,6.15E-05,,0,6.15E-05,0.0000246
1516,0.00021205,,0,0.00021205,0.00008482
1517,0.000221142,,0,0.000221142,8.84568E-05
1518,0.000348372,,0,0.000348372,0.000139349
1519,0.000465659,,0,0.000465659,0.000186264
1520,0.000208379,,0,0.000208379,8.33516E-05
1521,0.00026476,,0,0.00026476,0.000105904
1522,0.000180477,,0,0.000180477,7.21908E-05
1523,0.000164772,,0,0.000164772,6.59088E-05
1524,0.000153624,,0,0.000153624,6.14496E-05
1525,9.51E-06,,0,9.51E-06,0.000003804
1526,3.68E-05,,0,3.68E-05,0.00001472
1527,2.49E-05,,0,2.49E-05,0.00000996
1528,6.93E-05,,0,6.93E-05,0.00002772
1529,0.00010562,,0,0.00010562,0.000042248
1530,6.29E-05,,0,6.29E-05,0.00002516
1531,1.32E-05,,0,1.32E-05,0.00000528
1532,1.41E-05,,0,1.41E-05,0.00000564
1533,0.000905531,,0,0.000905531,0.000362212
1534,2.76E-06,,0,2.76E-06,0.000001104
1535,1.88E-06,,0,1.88E-06,0.000000752
1536,2.17E-06,,0,2.17E-06,0.000000868
1537,0.000769685,,0,0.000769685,0.000307874
1538,0.000769685,,0,0.000769685,0.000307874
1539,0.000769797,,0,0.000769797,0.000307919
1540,0.000819983,,0,0.000819983,0.000327993
1541,4.02E-06,,0,4.02E-06,0.000001608
1542,0.00028618,,0,0.00028618,0.000114472
1543,0.000339207,,0,0.000339207,0.000135683
1544,1.17E-05,,0,1.17E-05,0.00000468
1545,2.28E-05,,0,2.28E-05,0.00000912
1546,0.000129952,,0,0.000129952,5.19808E-05
1547,4.54E-07,,0,4.54E-07,1.816E-07
1548,6.14E-07,,0,6.14E-07,2.456E-07
1549,4.60E-07,,0,4.60E-07,0.000000184
1550,4.05E-07,,0,4.05E-07,0.000000162
1551,0.000981508,,0,0.000981508,0.000392603
1552,0.000981556,,0,0.000981556,0.000392622
1553,0.000984107,,0,0.000984107,0.000393643
1554,1.78E-05,,0,1.78E-05,0.00000712
1555,0.000129421,,0,0.000129421,5.17684E-05
1556,1.40E-05,,0,1.40E-05,0.0000056
1557,7.03E-05,,0,7.03E-05,0.00002812
1558,9.75E-05,,0,9.75E-05,0.000039
1559,8.00E-06,,0,8.00E-06,0.0000032
1560,1.72E-06,,0,1.72E-06,0.000000688
1561,2.35E-06,,0,2.35E-06,0.00000094
1562,0.001039174,,0,0.001039174,0.00041567
1563,6.91E-06,,0,6.91E-06,0.000002764
1564,2.45E-05,,0,2.45E-05,0.0000098
1565,0.000133213,,0,0.000133213,5.32852E-05
1566,1.04E-05,,0,1.04E-05,0.00000416
1567,0.00024184,,0,0.00024184,0.000096736
1568,4.34E-06,,0,4.34E-06,0.000001736
1569,8.12E-06,,0,8.12E-06,0.000003248
1570,0.003944321,,0.006561115,0.003944321,0.005514397
1571,2.42E-06,,0,2.42E-06,0.000000968
1572,5.82E-05,,0,5.82E-05,0.00002328
1573,2.48E-06,,0,2.48E-06,0.000000992
1574,1.57E-06,,0,1.57E-06,0.000000628
1575,5.19E-05,,0,5.19E-05,0.00002076
1576,5.26E-05,,0,5.26E-05,0.00002104
1577,0.00010044,,0,0.00010044,0.000040176
1578,5.53E-05,,0,5.53E-05,0.00002212
1579,0.000150862,,0,0.000150862,6.03448E-05
1580,9.97E-06,,0,9.97E-06,0.000003988
1581,6.84E-05,,0,6.84E-05,0.00002736
1582,6.26E-05,,0,6.26E-05,0.00002504
1583,5.01E-05,,0,5.01E-05,0.00002004
1584,3.54E-06,,0,3.54E-06,0.000001416
1585,0.111827196,,0.088881973,0.111827196,0.098060062
1586,2.238317715,,1.941030139,2.238317715,2.05994517
1587,1.03279622,,0.544178899,1.03279622,0.739625827
1588,4.250233834,,4.973605116,4.250233834,4.684256603
1589,2.677335681,,2.968616128,2.677335681,2.852103949
1590,1.881591797,,2.067289583,1.881591797,1.993010468