,yield
2013-11-24 00:00:00,0.0
2013-11-24 02:00:00,0.0
2013-11-24 04:00:00,0.0
2013-11-24 06:00:00,0.0
2013-11-24 08:00:00,0.0
2013-11-24 10:00:00,0.0
2013-11-24 12:00:00,0.0
2013-11-24 14:00:00,0.0
2013-11-24 16:00:00,0.0
2013-11-24 18:00:00,0.0
2013-11-24 20:00:00,0.0
2013-11-24 22:00:00,0.0
2013-11-25 00:00:00,0.0
2013-11-25 02:00:00,0.0
2013-11-25 04:00:00,0.0
2013-11-25 06:00:00,0.0
2013-11-25 08:00:00,0.0
2013-11-25 10:00:00,0.0
2013-11-25 12:00:00,0.0
2013-11-25 14:00:00,0.0
2013-11-25 16:00:00,0.0
2013-11-25 18:00:00,0.0
2013-11-25 20:00:00,0.0
2013-11-25 22:00:00,0.0
2013-11-26 00:00:00,0.0
2013-11-26 02:00:00,0.0
2013-11-26 04:00:00,0.0
2013-11-26 06:00:00,0.0
2013-11-26 08:00:00,0.0
2013-11-26 10:00:00,0.0
2013-11-26 12:00:00,0.0
2013-11-26 14:00:00,0.0
2013-11-26 16:00:00,0.0
2013-11-26 18:00:00,0.0
2013-11-26 20:00:00,0.0
2013-11-26 22:00:00,0.0
2013-11-27 00:00:00,0.0
2013-11-27 02:00:00,0.0
2013-11-27 04:00:00,0.0
2013-11-27 06:00:00,0.0
2013-11-27 08:00:00,0.0
2013-11-27 10:00:00,0.0
2013-11-27 12:00:00,0.0
2013-11-27 14:00:00,0.0
2013-11-27 16:00:00,0.0
2013-11-27 18:00:00,0.0
2013-11-27 20:00:00,0.0
2013-11-27 22:00:00,0.0
2013-12-14 00:00:00,0.0
2013-12-14 02:00:00,0.0
2013-12-14 04:00:00,0.0
2013-12-14 06:00:00,0.0
2013-12-14 08:00:00,0.0
2013-12-14 10:00:00,0.0
2013-12-14 12:00:00,0.0
2013-12-14 14:00:00,0.0
2013-12-14 16:00:00,0.0
2013-12-14 18:00:00,0.0
2013-12-14 20:00:00,0.0
2013-12-14 22:00:00,0.0
2013-12-15 00:00:00,0.0
2013-12-15 02:00:00,0.0
2013-12-15 04:00:00,0.0
2013-12-15 06:00:00,0.0
2013-12-15 08:00:00,0.0
2013-12-15 10:00:00,0.0
2013-12-15 12:00:00,0.0
2013-12-15 14:00:00,0.0
2013-12-15 16:00:00,0.0
2013-12-15 18:00:00,0.0
2013-12-15 20:00:00,0.0
2013-12-15 22:00:00,0.0
2013-12-16 00:00:00,0.0
2013-12-16 02:00:00,0.0
2013-12-16 04:00:00,0.0
2013-12-16 06:00:00,0.0
2013-12-16 08:00:00,0.0
2013-12-16 10:00:00,0.0
2013-12-16 12:00:00,0.0
2013-12-16 14:00:00,0.0
2013-12-16 16:00:00,0.0
2013-12-16 18:00:00,0.0
2013-12-16 20:00:00,0.0
2013-12-16 22:00:00,0.0
2013-12-17 00:00:00,0.0
2013-12-17 02:00:00,0.0
2013-12-17 04:00:00,0.0
2013-12-17 06:00:00,0.0
2013-12-17 08:00:00,0.0
2013-12-17 10:00:00,0.0
2013-12-17 12:00:00,0.0
2013-12-17 14:00:00,0.0
2013-12-17 16:00:00,0.0
2013-12-17 18:00:00,0.0
2013-12-17 20:00:00,0.0
2013-12-17 22:00:00,0.0
2014-01-03 00:00:00,0.0
2014-01-03 02:00:00,0.0
2014-01-03 04:00:00,0.0
2014-01-03 06:00:00,0.0
2014-01-03 08:00:00,0.0
2014-01-03 10:00:00,0.0
2014-01-03 12:00:00,0.0
2014-01-03 14:00:00,0.0
2014-01-03 16:00:00,0.0
2014-01-03 18:00:00,0.0
2014-01-03 20:00:00,0.0
2014-01-03 22:00:00,0.0
2014-01-04 00:00:00,0.0
2014-01-04 02:00:00,0.0
2014-01-04 04:00:00,0.0
2014-01-04 06:00:00,0.0
2014-01-04 08:00:00,0.0
2014-01-04 10:00:00,0.0
2014-01-04 12:00:00,0.0
2014-01-04 14:00:00,0.0
2014-01-04 16:00:00,0.0
2014-01-04 18:00:00,0.0
2014-01-04 20:00:00,0.0
2014-01-04 22:00:00,0.0
2014-01-05 00:00:00,0.0
2014-01-05 02:00:00,0.0
2014-01-05 04:00:00,0.0
2014-01-05 06:00:00,0.0
2014-01-05 08:00:00,0.0
2014-01-05 10:00:00,0.0
2014-01-05 12:00:00,0.0
2014-01-05 14:00:00,0.0
2014-01-05 16:00:00,0.0
2014-01-05 18:00:00,0.0
2014-01-05 20:00:00,0.0
2014-01-05 22:00:00,0.0
2014-01-06 00:00:00,0.0
2014-01-06 02:00:00,0.0
2014-01-06 04:00:00,0.0
2014-01-06 06:00:00,0.0
2014-01-06 08:00:00,0.0
2014-01-06 10:00:00,0.0
2014-01-06 12:00:00,0.0
2014-01-06 14:00:00,0.0
2014-01-06 16:00:00,0.0
2014-01-06 18:00:00,0.0
2014-01-06 20:00:00,0.0
2014-01-06 22:00:00,0.0
2014-01-23 00:00:00,0.0
2014-01-23 02:00:00,0.0
2014-01-23 04:00:00,0.0
2014-01-23 06:00:00,0.0
2014-01-23 08:00:00,0.0
2014-01-23 10:00:00,0.0
2014-01-23 12:00:00,0.0
2014-01-23 14:00:00,0.0
2014-01-23 16:00:00,0.0
2014-01-23 18:00:00,0.0
2014-01-23 20:00:00,0.0
2014-01-23 22:00:00,0.0
2014-01-24 00:00:00,0.0
2014-01-24 02:00:00,0.0
2014-01-24 04:00:00,0.0
2014-01-24 06:00:00,0.0
2014-01-24 08:00:00,0.0
2014-01-24 10:00:00,0.0
2014-01-24 12:00:00,0.0
2014-01-24 14:00:00,0.0
2014-01-24 16:00:00,0.0
2014-01-24 18:00:00,0.0
2014-01-24 20:00:00,0.0
2014-01-24 22:00:00,0.0
2014-01-25 00:00:00,0.0
2014-01-25 02:00:00,0.0
2014-01-25 04:00:00,0.0
2014-01-25 06:00:00,0.0
2014-01-25 08:00:00,0.0
2014-01-25 10:00:00,0.0
2014-01-25 12:00:00,0.0
2014-01-25 14:00:00,0.0
2014-01-25 16:00:00,0.0
2014-01-25 18:00:00,0.0
2014-01-25 20:00:00,0.0
2014-01-25 22:00:00,0.0
2014-01-26 00:00:00,0.0
2014-01-26 02:00:00,0.0
2014-01-26 04:00:00,0.0
2014-01-26 06:00:00,0.0
2014-01-26 08:00:00,0.0
2014-01-26 10:00:00,0.0
2014-01-26 12:00:00,0.0
2014-01-26 14:00:00,0.0
2014-01-26 16:00:00,0.0
2014-01-26 18:00:00,0.0
2014-01-26 20:00:00,0.0
2014-01-26 22:00:00,0.0
2014-02-12 00:00:00,0.0
2014-02-12 02:00:00,0.0
2014-02-12 04:00:00,0.0
2014-02-12 06:00:00,0.0
2014-02-12 08:00:00,0.0
2014-02-12 10:00:00,0.0
2014-02-12 12:00:00,0.0
2014-02-12 14:00:00,0.0
2014-02-12 16:00:00,0.0
2014-02-12 18:00:00,0.0
2014-02-12 20:00:00,0.0
2014-02-12 22:00:00,0.0
2014-02-13 00:00:00,0.0
2014-02-13 02:00:00,0.0
2014-02-13 04:00:00,0.0
2014-02-13 06:00:00,0.0
2014-02-13 08:00:00,0.0
2014-02-13 10:00:00,0.0
2014-02-13 12:00:00,0.0
2014-02-13 14:00:00,0.0
2014-02-13 16:00:00,0.0
2014-02-13 18:00:00,0.0
2014-02-13 20:00:00,0.0
2014-02-13 22:00:00,0.0
2014-02-14 00:00:00,0.0
2014-02-14 02:00:00,0.0
2014-02-14 04:00:00,0.0
2014-02-14 06:00:00,0.0
2014-02-14 08:00:00,0.0
2014-02-14 10:00:00,0.0
2014-02-14 12:00:00,0.0
2014-02-14 14:00:00,0.0
2014-02-14 16:00:00,0.0
2014-02-14 18:00:00,0.0
2014-02-14 20:00:00,0.0
2014-02-14 22:00:00,0.0
2014-02-15 00:00:00,0.0
2014-02-15 02:00:00,0.0
2014-02-15 04:00:00,0.0
2014-02-15 06:00:00,0.0
2014-02-15 08:00:00,0.0
2014-02-15 10:00:00,0.0
2014-02-15 12:00:00,0.0
2014-02-15 14:00:00,0.0
2014-02-15 16:00:00,0.0
2014-02-15 18:00:00,0.0
2014-02-15 20:00:00,0.0
2014-02-15 22:00:00,0.0
2014-03-04 00:00:00,0.0
2014-03-04 02:00:00,0.0
2014-03-04 04:00:00,0.0
2014-03-04 06:00:00,0.0
2014-03-04 08:00:00,0.0
2014-03-04 10:00:00,0.0
2014-03-04 12:00:00,0.0
2014-03-04 14:00:00,0.0
2014-03-04 16:00:00,0.0
2014-03-04 18:00:00,0.0
2014-03-04 20:00:00,0.0
2014-03-04 22:00:00,0.0
2014-03-05 00:00:00,0.0
2014-03-05 02:00:00,0.0
2014-03-05 04:00:00,0.0
2014-03-05 06:00:00,0.0
2014-03-05 08:00:00,0.0
2014-03-05 10:00:00,0.0
2014-03-05 12:00:00,0.0
2014-03-05 14:00:00,0.0
2014-03-05 16:00:00,0.0
2014-03-05 18:00:00,0.0
2014-03-05 20:00:00,0.0
2014-03-05 22:00:00,0.0
2014-03-06 00:00:00,0.0
2014-03-06 02:00:00,0.0
2014-03-06 04:00:00,0.0
2014-03-06 06:00:00,0.0
2014-03-06 08:00:00,0.0
2014-03-06 10:00:00,0.0
2014-03-06 12:00:00,0.0
2014-03-06 14:00:00,0.0
2014-03-06 16:00:00,0.0
2014-03-06 18:00:00,0.0
2014-03-06 20:00:00,0.0
2014-03-06 22:00:00,0.0
2014-03-07 00:00:00,0.0
2014-03-07 02:00:00,0.0
2014-03-07 04:00:00,0.0
2014-03-07 06:00:00,0.0
2014-03-07 08:00:00,0.0
2014-03-07 10:00:00,0.0
2014-03-07 12:00:00,0.0
2014-03-07 14:00:00,0.0
2014-03-07 16:00:00,0.0
2014-03-07 18:00:00,0.0
2014-03-07 20:00:00,0.0
2014-03-07 22:00:00,0.0
2014-03-24 00:00:00,0.0
2014-03-24 02:00:00,0.0
2014-03-24 04:00:00,0.0
2014-03-24 06:00:00,0.0
2014-03-24 08:00:00,0.0
2014-03-24 10:00:00,0.0
2014-03-24 12:00:00,0.0
2014-03-24 14:00:00,0.0
2014-03-24 16:00:00,0.0
2014-03-24 18:00:00,0.0
2014-03-24 20:00:00,0.0
2014-03-24 22:00:00,0.0
2014-03-25 00:00:00,0.0
2014-03-25 02:00:00,0.0
2014-03-25 04:00:00,0.0
2014-03-25 06:00:00,0.0
2014-03-25 08:00:00,0.0
2014-03-25 10:00:00,0.0
2014-03-25 12:00:00,0.0
2014-03-25 14:00:00,0.0
2014-03-25 16:00:00,0.0
2014-03-25 18:00:00,0.0
2014-03-25 20:00:00,0.0
2014-03-25 22:00:00,0.0
2014-03-26 00:00:00,0.0
2014-03-26 02:00:00,0.0
2014-03-26 04:00:00,0.0
2014-03-26 06:00:00,0.0
2014-03-26 08:00:00,0.0
2014-03-26 10:00:00,0.0
2014-03-26 12:00:00,0.0
2014-03-26 14:00:00,0.0
2014-03-26 16:00:00,0.0
2014-03-26 18:00:00,0.0
2014-03-26 20:00:00,0.0
2014-03-26 22:00:00,0.0
2014-03-27 00:00:00,0.0
2014-03-27 02:00:00,0.0
2014-03-27 04:00:00,0.0
2014-03-27 06:00:00,0.0
2014-03-27 08:00:00,0.0
2014-03-27 10:00:00,0.0
2014-03-27 12:00:00,0.0
2014-03-27 14:00:00,0.0
2014-03-27 16:00:00,0.0
2014-03-27 18:00:00,0.0
2014-03-27 20:00:00,0.0
2014-03-27 22:00:00,0.0
2014-04-13 00:00:00,0.0
2014-04-13 02:00:00,0.0
2014-04-13 04:00:00,0.0
2014-04-13 06:00:00,0.0
2014-04-13 08:00:00,0.0
2014-04-13 10:00:00,0.0
2014-04-13 12:00:00,0.0
2014-04-13 14:00:00,0.0
2014-04-13 16:00:00,0.0
2014-04-13 18:00:00,0.0
2014-04-13 20:00:00,0.0
2014-04-13 22:00:00,0.0
2014-04-14 00:00:00,0.0
2014-04-14 02:00:00,0.0
2014-04-14 04:00:00,0.0
2014-04-14 06:00:00,0.0
2014-04-14 08:00:00,0.0
2014-04-14 10:00:00,0.0
2014-04-14 12:00:00,0.0
2014-04-14 14:00:00,0.0
2014-04-14 16:00:00,0.0
2014-04-14 18:00:00,0.0
2014-04-14 20:00:00,0.0
2014-04-14 22:00:00,0.0
2014-04-15 00:00:00,0.0
2014-04-15 02:00:00,0.0
2014-04-15 04:00:00,0.0
2014-04-15 06:00:00,0.0
2014-04-15 08:00:00,0.0
2014-04-15 10:00:00,0.0
2014-04-15 12:00:00,0.0
2014-04-15 14:00:00,0.0
2014-04-15 16:00:00,0.0
2014-04-15 18:00:00,0.0
2014-04-15 20:00:00,0.0
2014-04-15 22:00:00,0.0
2014-04-16 00:00:00,0.0
2014-04-16 02:00:00,0.0
2014-04-16 04:00:00,0.0
2014-04-16 06:00:00,0.0
2014-04-16 08:00:00,0.0
2014-04-16 10:00:00,0.0
2014-04-16 12:00:00,0.0
2014-04-16 14:00:00,0.0
2014-04-16 16:00:00,0.0
2014-04-16 18:00:00,0.0
2014-04-16 20:00:00,0.0
2014-04-16 22:00:00,0.0
2014-05-03 00:00:00,0.0
2014-05-03 02:00:00,0.0
2014-05-03 04:00:00,0.0
2014-05-03 06:00:00,0.0
2014-05-03 08:00:00,0.0
2014-05-03 10:00:00,0.0
2014-05-03 12:00:00,0.0
2014-05-03 14:00:00,0.0
2014-05-03 16:00:00,0.0
2014-05-03 18:00:00,0.0
2014-05-03 20:00:00,0.0
2014-05-03 22:00:00,0.0
2014-05-04 00:00:00,0.0
2014-05-04 02:00:00,0.0
2014-05-04 04:00:00,0.0
2014-05-04 06:00:00,0.0
2014-05-04 08:00:00,0.0
2014-05-04 10:00:00,0.0
2014-05-04 12:00:00,0.0
2014-05-04 14:00:00,0.0
2014-05-04 16:00:00,0.0
2014-05-04 18:00:00,0.0
2014-05-04 20:00:00,0.0
2014-05-04 22:00:00,0.0
2014-05-05 00:00:00,0.0
2014-05-05 02:00:00,0.0
2014-05-05 04:00:00,0.0
2014-05-05 06:00:00,0.0
2014-05-05 08:00:00,0.0
2014-05-05 10:00:00,0.0
2014-05-05 12:00:00,0.0
2014-05-05 14:00:00,0.0
2014-05-05 16:00:00,0.0
2014-05-05 18:00:00,0.0
2014-05-05 20:00:00,0.0
2014-05-05 22:00:00,0.0
2014-05-06 00:00:00,0.0
2014-05-06 02:00:00,0.0
2014-05-06 04:00:00,0.0
2014-05-06 06:00:00,0.0
2014-05-06 08:00:00,0.0
2014-05-06 10:00:00,0.0
2014-05-06 12:00:00,0.0
2014-05-06 14:00:00,0.0
2014-05-06 16:00:00,0.0
2014-05-06 18:00:00,0.0
2014-05-06 20:00:00,0.0
2014-05-06 22:00:00,0.0
2014-05-23 00:00:00,0.0
2014-05-23 02:00:00,0.0
2014-05-23 04:00:00,0.0
2014-05-23 06:00:00,0.0
2014-05-23 08:00:00,0.0
2014-05-23 10:00:00,0.0
2014-05-23 12:00:00,0.0
2014-05-23 14:00:00,0.0
2014-05-23 16:00:00,0.0
2014-05-23 18:00:00,0.0
2014-05-23 20:00:00,0.0
2014-05-23 22:00:00,0.0
2014-05-24 00:00:00,0.0
2014-05-24 02:00:00,0.0
2014-05-24 04:00:00,0.0
2014-05-24 06:00:00,0.0
2014-05-24 08:00:00,0.0
2014-05-24 10:00:00,0.0
2014-05-24 12:00:00,0.0
2014-05-24 14:00:00,0.0
2014-05-24 16:00:00,0.0
2014-05-24 18:00:00,0.0
2014-05-24 20:00:00,0.0
2014-05-24 22:00:00,0.0
2014-05-25 00:00:00,0.0
2014-05-25 02:00:00,0.0
2014-05-25 04:00:00,0.0
2014-05-25 06:00:00,0.0
2014-05-25 08:00:00,0.0
2014-05-25 10:00:00,0.0
2014-05-25 12:00:00,0.0
2014-05-25 14:00:00,0.0
2014-05-25 16:00:00,0.0
2014-05-25 18:00:00,0.0
2014-05-25 20:00:00,0.0
2014-05-25 22:00:00,0.0
2014-05-26 00:00:00,0.0
2014-05-26 02:00:00,0.0
2014-05-26 04:00:00,0.0
2014-05-26 06:00:00,0.0
2014-05-26 08:00:00,0.0
2014-05-26 10:00:00,0.0
2014-05-26 12:00:00,0.0
2014-05-26 14:00:00,0.0
2014-05-26 16:00:00,0.0
2014-05-26 18:00:00,0.0
2014-05-26 20:00:00,0.0
2014-05-26 22:00:00,0.0
2014-06-12 00:00:00,0.0
2014-06-12 02:00:00,0.0
2014-06-12 04:00:00,0.0
2014-06-12 06:00:00,0.0
2014-06-12 08:00:00,0.0
2014-06-12 10:00:00,0.0
2014-06-12 12:00:00,0.0
2014-06-12 14:00:00,0.0
2014-06-12 16:00:00,0.0
2014-06-12 18:00:00,0.0
2014-06-12 20:00:00,0.0
2014-06-12 22:00:00,0.0
2014-06-13 00:00:00,0.0
2014-06-13 02:00:00,0.0
2014-06-13 04:00:00,0.0
2014-06-13 06:00:00,0.0
2014-06-13 08:00:00,0.0
2014-06-13 10:00:00,0.0
2014-06-13 12:00:00,0.0
2014-06-13 14:00:00,0.0
2014-06-13 16:00:00,0.0
2014-06-13 18:00:00,0.0
2014-06-13 20:00:00,0.0
2014-06-13 22:00:00,0.0
2014-06-14 00:00:00,0.0
2014-06-14 02:00:00,0.0
2014-06-14 04:00:00,0.0
2014-06-14 06:00:00,0.0
2014-06-14 08:00:00,0.0
2014-06-14 10:00:00,0.0
2014-06-14 12:00:00,0.0
2014-06-14 14:00:00,0.0
2014-06-14 16:00:00,0.0
2014-06-14 18:00:00,0.0
2014-06-14 20:00:00,0.0
2014-06-14 22:00:00,0.0
2014-06-15 00:00:00,0.0
2014-06-15 02:00:00,0.0
2014-06-15 04:00:00,0.0
2014-06-15 06:00:00,0.0
2014-06-15 08:00:00,0.0
2014-06-15 10:00:00,0.0
2014-06-15 12:00:00,0.0
2014-06-15 14:00:00,0.0
2014-06-15 16:00:00,0.0
2014-06-15 18:00:00,0.0
2014-06-15 20:00:00,0.0
2014-06-15 22:00:00,0.0
2014-07-02 00:00:00,0.0
2014-07-02 02:00:00,0.0
2014-07-02 04:00:00,0.0
2014-07-02 06:00:00,0.0
2014-07-02 08:00:00,0.0
2014-07-02 10:00:00,0.0
2014-07-02 12:00:00,0.0
2014-07-02 14:00:00,0.0
2014-07-02 16:00:00,0.0
2014-07-02 18:00:00,0.0
2014-07-02 20:00:00,0.0
2014-07-02 22:00:00,0.0
2014-07-03 00:00:00,0.0
2014-07-03 02:00:00,0.0
2014-07-03 04:00:00,0.0
2014-07-03 06:00:00,0.0
2014-07-03 08:00:00,0.0
2014-07-03 10:00:00,0.0
2014-07-03 12:00:00,0.0
2014-07-03 14:00:00,0.0
2014-07-03 16:00:00,0.0
2014-07-03 18:00:00,0.0
2014-07-03 20:00:00,0.0
2014-07-03 22:00:00,0.0
2014-07-04 00:00:00,0.0
2014-07-04 02:00:00,0.0
2014-07-04 04:00:00,0.0
2014-07-04 06:00:00,0.0
2014-07-04 08:00:00,0.0
2014-07-04 10:00:00,0.0
2014-07-04 12:00:00,0.0
2014-07-04 14:00:00,0.0
2014-07-04 16:00:00,0.0
2014-07-04 18:00:00,0.0
2014-07-04 20:00:00,0.0
2014-07-04 22:00:00,0.0
2014-07-05 00:00:00,0.0
2014-07-05 02:00:00,0.0
2014-07-05 04:00:00,0.0
2014-07-05 06:00:00,0.0
2014-07-05 08:00:00,0.0
2014-07-05 10:00:00,0.0
2014-07-05 12:00:00,0.0
2014-07-05 14:00:00,0.0
2014-07-05 16:00:00,0.0
2014-07-05 18:00:00,0.0
2014-07-05 20:00:00,0.0
2014-07-05 22:00:00,0.0
2014-07-22 00:00:00,0.0
2014-07-22 02:00:00,0.0
2014-07-22 04:00:00,0.0
2014-07-22 06:00:00,0.0
2014-07-22 08:00:00,0.0
2014-07-22 10:00:00,0.0
2014-07-22 12:00:00,0.0
2014-07-22 14:00:00,0.0
2014-07-22 16:00:00,0.0
2014-07-22 18:00:00,0.0
2014-07-22 20:00:00,0.0
2014-07-22 22:00:00,0.0
2014-07-23 00:00:00,0.0
2014-07-23 02:00:00,0.0
2014-07-23 04:00:00,0.0
2014-07-23 06:00:00,0.0
2014-07-23 08:00:00,0.0
2014-07-23 10:00:00,0.0
2014-07-23 12:00:00,0.0
2014-07-23 14:00:00,0.0
2014-07-23 16:00:00,0.0
2014-07-23 18:00:00,0.0
2014-07-23 20:00:00,0.0
2014-07-23 22:00:00,0.0
2014-07-24 00:00:00,0.0
2014-07-24 02:00:00,0.0
2014-07-24 04:00:00,0.0
2014-07-24 06:00:00,0.0
2014-07-24 08:00:00,0.0
2014-07-24 10:00:00,0.0
2014-07-24 12:00:00,0.0
2014-07-24 14:00:00,0.0
2014-07-24 16:00:00,0.0
2014-07-24 18:00:00,0.0
2014-07-24 20:00:00,0.0
2014-07-24 22:00:00,0.0
2014-07-25 00:00:00,0.0
2014-07-25 02:00:00,0.0
2014-07-25 04:00:00,0.0
2014-07-25 06:00:00,0.0
2014-07-25 08:00:00,0.0
2014-07-25 10:00:00,0.0
2014-07-25 12:00:00,0.0
2014-07-25 14:00:00,0.0
2014-07-25 16:00:00,0.0
2014-07-25 18:00:00,0.0
2014-07-25 20:00:00,0.0
2014-07-25 22:00:00,0.0
2014-08-11 00:00:00,0.0
2014-08-11 02:00:00,0.0
2014-08-11 04:00:00,0.0
2014-08-11 06:00:00,0.0
2014-08-11 08:00:00,0.0
2014-08-11 10:00:00,0.0
2014-08-11 12:00:00,0.0
2014-08-11 14:00:00,0.0
2014-08-11 16:00:00,0.0
2014-08-11 18:00:00,0.0
2014-08-11 20:00:00,0.0
2014-08-11 22:00:00,0.0
2014-08-12 00:00:00,0.0
2014-08-12 02:00:00,0.0
2014-08-12 04:00:00,0.0
2014-08-12 06:00:00,0.0
2014-08-12 08:00:00,0.0
2014-08-12 10:00:00,0.0
2014-08-12 12:00:00,0.0
2014-08-12 14:00:00,0.0
2014-08-12 16:00:00,0.0
2014-08-12 18:00:00,0.0
2014-08-12 20:00:00,0.0
2014-08-12 22:00:00,0.0
2014-08-13 00:00:00,0.0
2014-08-13 02:00:00,0.0
2014-08-13 04:00:00,0.0
2014-08-13 06:00:00,0.0
2014-08-13 08:00:00,0.0
2014-08-13 10:00:00,0.0
2014-08-13 12:00:00,0.0
2014-08-13 14:00:00,0.0
2014-08-13 16:00:00,0.0
2014-08-13 18:00:00,0.0
2014-08-13 20:00:00,0.0
2014-08-13 22:00:00,0.0
2014-08-14 00:00:00,0.0
2014-08-14 02:00:00,0.0
2014-08-14 04:00:00,0.0
2014-08-14 06:00:00,0.0
2014-08-14 08:00:00,0.0
2014-08-14 10:00:00,0.0
2014-08-14 12:00:00,0.0
2014-08-14 14:00:00,0.0
2014-08-14 16:00:00,0.0
2014-08-14 18:00:00,0.0
2014-08-14 20:00:00,0.0
2014-08-14 22:00:00,0.0
2014-08-31 00:00:00,0.0
2014-08-31 02:00:00,0.0
2014-08-31 04:00:00,0.0
2014-08-31 06:00:00,0.0
2014-08-31 08:00:00,0.0
2014-08-31 10:00:00,0.0
2014-08-31 12:00:00,0.0
2014-08-31 14:00:00,0.0
2014-08-31 16:00:00,0.0
2014-08-31 18:00:00,0.0
2014-08-31 20:00:00,0.0
2014-08-31 22:00:00,0.0
2014-09-01 00:00:00,0.0
2014-09-01 02:00:00,0.0
2014-09-01 04:00:00,0.0
2014-09-01 06:00:00,0.0
2014-09-01 08:00:00,0.0
2014-09-01 10:00:00,0.0
2014-09-01 12:00:00,0.0
2014-09-01 14:00:00,0.0
2014-09-01 16:00:00,0.0
2014-09-01 18:00:00,0.0
2014-09-01 20:00:00,0.0
2014-09-01 22:00:00,0.0
2014-09-02 00:00:00,0.0
2014-09-02 02:00:00,0.0
2014-09-02 04:00:00,0.0
2014-09-02 06:00:00,0.0
2014-09-02 08:00:00,0.0
2014-09-02 10:00:00,0.0
2014-09-02 12:00:00,0.0
2014-09-02 14:00:00,0.0
2014-09-02 16:00:00,0.0
2014-09-02 18:00:00,0.0
2014-09-02 20:00:00,0.0
2014-09-02 22:00:00,0.0
2014-09-03 00:00:00,0.0
2014-09-03 02:00:00,0.0
2014-09-03 04:00:00,0.0
2014-09-03 06:00:00,0.0
2014-09-03 08:00:00,0.0
2014-09-03 10:00:00,0.0
2014-09-03 12:00:00,0.0
2014-09-03 14:00:00,0.0
2014-09-03 16:00:00,0.0
2014-09-03 18:00:00,0.0
2014-09-03 20:00:00,0.0
2014-09-03 22:00:00,0.0
2014-09-20 00:00:00,0.0
2014-09-20 02:00:00,0.0
2014-09-20 04:00:00,0.0
2014-09-20 06:00:00,0.0
2014-09-20 08:00:00,0.0
2014-09-20 10:00:00,0.0
2014-09-20 12:00:00,0.0
2014-09-20 14:00:00,0.0
2014-09-20 16:00:00,0.0
2014-09-20 18:00:00,0.0
2014-09-20 20:00:00,0.0
2014-09-20 22:00:00,0.0
2014-09-21 00:00:00,0.0
2014-09-21 02:00:00,0.0
2014-09-21 04:00:00,0.0
2014-09-21 06:00:00,0.0
2014-09-21 08:00:00,0.0
2014-09-21 10:00:00,0.0
2014-09-21 12:00:00,0.0
2014-09-21 14:00:00,0.0
2014-09-21 16:00:00,0.0
2014-09-21 18:00:00,0.0
2014-09-21 20:00:00,0.0
2014-09-21 22:00:00,0.0
2014-09-22 00:00:00,0.0
2014-09-22 02:00:00,0.0
2014-09-22 04:00:00,0.0
2014-09-22 06:00:00,0.0
2014-09-22 08:00:00,0.0
2014-09-22 10:00:00,0.0
2014-09-22 12:00:00,0.0
2014-09-22 14:00:00,0.0
2014-09-22 16:00:00,0.0
2014-09-22 18:00:00,0.0
2014-09-22 20:00:00,0.0
2014-09-22 22:00:00,0.0
2014-09-23 00:00:00,0.0
2014-09-23 02:00:00,0.0
2014-09-23 04:00:00,0.0
2014-09-23 06:00:00,0.0
2014-09-23 08:00:00,0.0
2014-09-23 10:00:00,0.0
2014-09-23 12:00:00,0.0
2014-09-23 14:00:00,0.0
2014-09-23 16:00:00,0.0
2014-09-23 18:00:00,0.0
2014-09-23 20:00:00,0.0
2014-09-23 22:00:00,0.0
2014-10-10 00:00:00,0.0
2014-10-10 02:00:00,0.0
2014-10-10 04:00:00,0.0
2014-10-10 06:00:00,0.0
2014-10-10 08:00:00,0.0
2014-10-10 10:00:00,0.0
2014-10-10 12:00:00,0.0
2014-10-10 14:00:00,0.0
2014-10-10 16:00:00,0.0
2014-10-10 18:00:00,0.0
2014-10-10 20:00:00,0.0
2014-10-10 22:00:00,0.0
2014-10-11 00:00:00,0.0
2014-10-11 02:00:00,0.0
2014-10-11 04:00:00,0.0
2014-10-11 06:00:00,0.0
2014-10-11 08:00:00,0.0
2014-10-11 10:00:00,0.0
2014-10-11 12:00:00,0.0
2014-10-11 14:00:00,0.0
2014-10-11 16:00:00,0.0
2014-10-11 18:00:00,0.0
2014-10-11 20:00:00,0.0
2014-10-11 22:00:00,0.0
2014-10-12 00:00:00,0.0
2014-10-12 02:00:00,0.0
2014-10-12 04:00:00,0.0
2014-10-12 06:00:00,0.0
2014-10-12 08:00:00,0.0
2014-10-12 10:00:00,0.0
2014-10-12 12:00:00,0.0
2014-10-12 14:00:00,0.0
2014-10-12 16:00:00,0.0
2014-10-12 18:00:00,0.0
2014-10-12 20:00:00,0.0
2014-10-12 22:00:00,0.0
2014-10-13 00:00:00,0.0
2014-10-13 02:00:00,0.0
2014-10-13 04:00:00,0.0
2014-10-13 06:00:00,0.0
2014-10-13 08:00:00,0.0
2014-10-13 10:00:00,0.0
2014-10-13 12:00:00,0.0
2014-10-13 14:00:00,0.0
2014-10-13 16:00:00,0.0
2014-10-13 18:00:00,0.0
2014-10-13 20:00:00,0.0
2014-10-13 22:00:00,0.0
2014-12-09 00:00:00,0.0
2014-12-09 02:00:00,0.0
2014-12-09 04:00:00,0.0
2014-12-09 06:00:00,0.0
2014-12-09 08:00:00,0.0
2014-12-09 10:00:00,0.0
2014-12-09 12:00:00,0.0
2014-12-09 14:00:00,0.0
2014-12-09 16:00:00,0.0
2014-12-09 18:00:00,0.0
2014-12-09 20:00:00,0.0
2014-12-09 22:00:00,0.0
2014-12-10 00:00:00,0.0
2014-12-10 02:00:00,0.0
2014-12-10 04:00:00,0.0
2014-12-10 06:00:00,0.0
2014-12-10 08:00:00,0.0
2014-12-10 10:00:00,0.0
2014-12-10 12:00:00,0.0
2014-12-10 14:00:00,0.0
2014-12-10 16:00:00,0.0
2014-12-10 18:00:00,0.0
2014-12-10 20:00:00,0.0
2014-12-10 22:00:00,0.0
2014-12-11 00:00:00,0.0
2014-12-11 02:00:00,0.0
2014-12-11 04:00:00,0.0
2014-12-11 06:00:00,0.0
2014-12-11 08:00:00,0.0
2014-12-11 10:00:00,0.0
2014-12-11 12:00:00,0.0
2014-12-11 14:00:00,0.0
2014-12-11 16:00:00,0.0
2014-12-11 18:00:00,0.0
2014-12-11 20:00:00,0.0
2014-12-11 22:00:00,0.0
2014-12-12 00:00:00,0.0
2014-12-12 02:00:00,0.0
2014-12-12 04:00:00,0.0
2014-12-12 06:00:00,0.0
2014-12-12 08:00:00,0.0
2014-12-12 10:00:00,0.0
2014-12-12 12:00:00,0.0
2014-12-12 14:00:00,0.0
2014-12-12 16:00:00,0.0
2014-12-12 18:00:00,0.0
2014-12-12 20:00:00,0.0
2014-12-12 22:00:00,0.0
2014-12-29 00:00:00,0.0
2014-12-29 02:00:00,0.0
2014-12-29 04:00:00,0.0
2014-12-29 06:00:00,0.0
2014-12-29 08:00:00,0.0
2014-12-29 10:00:00,0.0
2014-12-29 12:00:00,0.0
2014-12-29 14:00:00,0.0
2014-12-29 16:00:00,0.0
2014-12-29 18:00:00,0.0
2014-12-29 20:00:00,0.0
2014-12-29 22:00:00,0.0
2014-12-30 00:00:00,0.0
2014-12-30 02:00:00,0.0
2014-12-30 04:00:00,0.0
2014-12-30 06:00:00,0.0
2014-12-30 08:00:00,0.0
2014-12-30 10:00:00,0.0
2014-12-30 12:00:00,0.0
2014-12-30 14:00:00,0.0
2014-12-30 16:00:00,0.0
2014-12-30 18:00:00,0.0
2014-12-30 20:00:00,0.0
2014-12-30 22:00:00,0.0
2014-12-31 00:00:00,0.0
2014-12-31 02:00:00,0.0
2014-12-31 04:00:00,0.0
2014-12-31 06:00:00,0.0
2014-12-31 08:00:00,0.0
2014-12-31 10:00:00,0.0
2014-12-31 12:00:00,0.0
2014-12-31 14:00:00,0.0
2014-12-31 16:00:00,0.0
2014-12-31 18:00:00,0.0
2014-12-31 20:00:00,0.0
2014-12-31 22:00:00,0.0
2015-01-01 00:00:00,0.0
2015-01-01 02:00:00,0.0
2015-01-01 04:00:00,0.0
2015-01-01 06:00:00,0.0
2015-01-01 08:00:00,0.0
2015-01-01 10:00:00,0.0
2015-01-01 12:00:00,0.0
2015-01-01 14:00:00,0.0
2015-01-01 16:00:00,0.0
2015-01-01 18:00:00,0.0
2015-01-01 20:00:00,0.0
2015-01-01 22:00:00,0.0
2015-01-18 00:00:00,0.0
2015-01-18 02:00:00,0.0
2015-01-18 04:00:00,0.0
2015-01-18 06:00:00,0.0
2015-01-18 08:00:00,0.0
2015-01-18 10:00:00,0.0
2015-01-18 12:00:00,0.0
2015-01-18 14:00:00,0.0
2015-01-18 16:00:00,0.0
2015-01-18 18:00:00,0.0
2015-01-18 20:00:00,0.0
2015-01-18 22:00:00,0.0
2015-01-19 00:00:00,0.0
2015-01-19 02:00:00,0.0
2015-01-19 04:00:00,0.0
2015-01-19 06:00:00,0.0
2015-01-19 08:00:00,0.0
2015-01-19 10:00:00,0.0
2015-01-19 12:00:00,0.0
2015-01-19 14:00:00,0.0
2015-01-19 16:00:00,0.0
2015-01-19 18:00:00,0.0
2015-01-19 20:00:00,0.0
2015-01-19 22:00:00,0.0
2015-01-20 00:00:00,0.0
2015-01-20 02:00:00,0.0
2015-01-20 04:00:00,0.0
2015-01-20 06:00:00,0.0
2015-01-20 08:00:00,0.0
2015-01-20 10:00:00,0.0
2015-01-20 12:00:00,0.0
2015-01-20 14:00:00,0.0
2015-01-20 16:00:00,0.0
2015-01-20 18:00:00,0.0
2015-01-20 20:00:00,0.0
2015-01-20 22:00:00,0.0
2015-01-21 00:00:00,0.0
2015-01-21 02:00:00,0.0
2015-01-21 04:00:00,0.0
2015-01-21 06:00:00,0.0
2015-01-21 08:00:00,0.0
2015-01-21 10:00:00,0.0
2015-01-21 12:00:00,0.0
2015-01-21 14:00:00,0.0
2015-01-21 16:00:00,0.0
2015-01-21 18:00:00,0.0
2015-01-21 20:00:00,0.0
2015-01-21 22:00:00,0.0
2015-02-07 00:00:00,0.0
2015-02-07 02:00:00,0.0
2015-02-07 04:00:00,0.0
2015-02-07 06:00:00,0.0
2015-02-07 08:00:00,0.0
2015-02-07 10:00:00,0.0
2015-02-07 12:00:00,0.0
2015-02-07 14:00:00,0.0
2015-02-07 16:00:00,0.0
2015-02-07 18:00:00,0.0
2015-02-07 20:00:00,0.0
2015-02-07 22:00:00,0.0
2015-02-08 00:00:00,0.0
2015-02-08 02:00:00,0.0
2015-02-08 04:00:00,0.0
2015-02-08 06:00:00,0.0
2015-02-08 08:00:00,0.0
2015-02-08 10:00:00,0.0
2015-02-08 12:00:00,0.0
2015-02-08 14:00:00,0.0
2015-02-08 16:00:00,0.0
2015-02-08 18:00:00,0.0
2015-02-08 20:00:00,0.0
2015-02-08 22:00:00,0.0
2015-02-09 00:00:00,0.0
2015-02-09 02:00:00,0.0
2015-02-09 04:00:00,0.0
2015-02-09 06:00:00,0.0
2015-02-09 08:00:00,0.0
2015-02-09 10:00:00,0.0
2015-02-09 12:00:00,0.0
2015-02-09 14:00:00,0.0
2015-02-09 16:00:00,0.0
2015-02-09 18:00:00,0.0
2015-02-09 20:00:00,0.0
2015-02-09 22:00:00,0.0
2015-02-10 00:00:00,0.0
2015-02-10 02:00:00,0.0
2015-02-10 04:00:00,0.0
2015-02-10 06:00:00,0.0
2015-02-10 08:00:00,0.0
2015-02-10 10:00:00,0.0
2015-02-10 12:00:00,0.0
2015-02-10 14:00:00,0.0
2015-02-10 16:00:00,0.0
2015-02-10 18:00:00,0.0
2015-02-10 20:00:00,0.0
2015-02-10 22:00:00,0.0
2015-02-27 00:00:00,0.0
2015-02-27 02:00:00,0.0
2015-02-27 04:00:00,0.0
2015-02-27 06:00:00,0.0
2015-02-27 08:00:00,0.0
2015-02-27 10:00:00,0.0
2015-02-27 12:00:00,0.0
2015-02-27 14:00:00,0.0
2015-02-27 16:00:00,0.0
2015-02-27 18:00:00,0.0
2015-02-27 20:00:00,0.0
2015-02-27 22:00:00,0.0
2015-02-28 00:00:00,0.0
2015-02-28 02:00:00,0.0
2015-02-28 04:00:00,0.0
2015-02-28 06:00:00,0.0
2015-02-28 08:00:00,0.0
2015-02-28 10:00:00,0.0
2015-02-28 12:00:00,0.0
2015-02-28 14:00:00,0.0
2015-02-28 16:00:00,0.0
2015-02-28 18:00:00,0.0
2015-02-28 20:00:00,0.0
2015-02-28 22:00:00,0.0
2015-03-01 00:00:00,0.0
2015-03-01 02:00:00,0.0
2015-03-01 04:00:00,0.0
2015-03-01 06:00:00,0.0
2015-03-01 08:00:00,0.0
2015-03-01 10:00:00,0.0
2015-03-01 12:00:00,0.0
2015-03-01 14:00:00,0.0
2015-03-01 16:00:00,0.0
2015-03-01 18:00:00,0.0
2015-03-01 20:00:00,0.0
2015-03-01 22:00:00,0.0
2015-03-02 00:00:00,0.0
2015-03-02 02:00:00,0.0
2015-03-02 04:00:00,0.0
2015-03-02 06:00:00,0.0
2015-03-02 08:00:00,0.0
2015-03-02 10:00:00,0.0
2015-03-02 12:00:00,0.0
2015-03-02 14:00:00,0.0
2015-03-02 16:00:00,0.0
2015-03-02 18:00:00,0.0
2015-03-02 20:00:00,0.0
2015-03-02 22:00:00,0.0
2015-03-19 00:00:00,0.0
2015-03-19 02:00:00,0.0
2015-03-19 04:00:00,0.0
2015-03-19 06:00:00,0.0
2015-03-19 08:00:00,0.0
2015-03-19 10:00:00,0.0
2015-03-19 12:00:00,0.0
2015-03-19 14:00:00,0.0
2015-03-19 16:00:00,0.0
2015-03-19 18:00:00,0.0
2015-03-19 20:00:00,0.0
2015-03-19 22:00:00,0.0
2015-03-20 00:00:00,0.0
2015-03-20 02:00:00,0.0
2015-03-20 04:00:00,0.0
2015-03-20 06:00:00,0.0
2015-03-20 08:00:00,0.0
2015-03-20 10:00:00,0.0
2015-03-20 12:00:00,0.0
2015-03-20 14:00:00,0.0
2015-03-20 16:00:00,0.0
2015-03-20 18:00:00,0.0
2015-03-20 20:00:00,0.0
2015-03-20 22:00:00,0.0
2015-03-21 00:00:00,0.0
2015-03-21 02:00:00,0.0
2015-03-21 04:00:00,0.0
2015-03-21 06:00:00,0.0
2015-03-21 08:00:00,0.0
2015-03-21 10:00:00,0.0
2015-03-21 12:00:00,0.0
2015-03-21 14:00:00,0.0
2015-03-21 16:00:00,0.0
2015-03-21 18:00:00,0.0
2015-03-21 20:00:00,0.0
2015-03-21 22:00:00,0.0
2015-03-22 00:00:00,0.0
2015-03-22 02:00:00,0.0
2015-03-22 04:00:00,0.0
2015-03-22 06:00:00,0.0
2015-03-22 08:00:00,0.0
2015-03-22 10:00:00,0.0
2015-03-22 12:00:00,0.0
2015-03-22 14:00:00,0.0
2015-03-22 16:00:00,0.0
2015-03-22 18:00:00,0.0
2015-03-22 20:00:00,0.0
2015-03-22 22:00:00,0.0
2015-08-06 00:00:00,0.0
2015-08-06 02:00:00,0.0
2015-08-06 04:00:00,0.0
2015-08-06 06:00:00,0.0
2015-08-06 08:00:00,0.0
2015-08-06 10:00:00,0.0
2015-08-06 12:00:00,0.0
2015-08-06 14:00:00,0.0
2015-08-06 16:00:00,0.0
2015-08-06 18:00:00,0.0
2015-08-06 20:00:00,0.0
2015-08-06 22:00:00,0.0
2015-08-07 00:00:00,0.0
2015-08-07 02:00:00,0.0
2015-08-07 04:00:00,0.0
2015-08-07 06:00:00,0.0
2015-08-07 08:00:00,0.0
2015-08-07 10:00:00,0.0
2015-08-07 12:00:00,0.0
2015-08-07 14:00:00,0.0
2015-08-07 16:00:00,0.0
2015-08-07 18:00:00,0.0
2015-08-07 20:00:00,0.0
2015-08-07 22:00:00,0.0
2015-08-08 00:00:00,0.0
2015-08-08 02:00:00,0.0
2015-08-08 04:00:00,0.0
2015-08-08 06:00:00,0.0
2015-08-08 08:00:00,0.0
2015-08-08 10:00:00,0.0
2015-08-08 12:00:00,0.0
2015-08-08 14:00:00,0.0
2015-08-08 16:00:00,0.0
2015-08-08 18:00:00,0.0
2015-08-08 20:00:00,0.0
2015-08-08 22:00:00,0.0
2015-08-09 00:00:00,0.0
2015-08-09 02:00:00,0.0
2015-08-09 04:00:00,0.0
2015-08-09 06:00:00,0.0
2015-08-09 08:00:00,0.0
2015-08-09 10:00:00,0.0
2015-08-09 12:00:00,0.0
2015-08-09 14:00:00,0.0
2015-08-09 16:00:00,0.0
2015-08-09 18:00:00,0.0
2015-08-09 20:00:00,0.0
2015-08-09 22:00:00,0.0
2015-08-26 00:00:00,0.0
2015-08-26 02:00:00,0.0
2015-08-26 04:00:00,0.0
2015-08-26 06:00:00,0.0
2015-08-26 08:00:00,0.0
2015-08-26 10:00:00,0.0
2015-08-26 12:00:00,0.0
2015-08-26 14:00:00,0.0
2015-08-26 16:00:00,0.0
2015-08-26 18:00:00,0.0
2015-08-26 20:00:00,0.0
2015-08-26 22:00:00,0.0
2015-08-27 00:00:00,0.0
2015-08-27 02:00:00,0.0
2015-08-27 04:00:00,0.0
2015-08-27 06:00:00,0.0
2015-08-27 08:00:00,0.0
2015-08-27 10:00:00,0.0
2015-08-27 12:00:00,0.0
2015-08-27 14:00:00,0.0
2015-08-27 16:00:00,0.0
2015-08-27 18:00:00,0.0
2015-08-27 20:00:00,0.0
2015-08-27 22:00:00,0.0
2015-08-28 00:00:00,0.0
2015-08-28 02:00:00,0.0
2015-08-28 04:00:00,0.0
2015-08-28 06:00:00,0.0
2015-08-28 08:00:00,0.0
2015-08-28 10:00:00,0.0
2015-08-28 12:00:00,0.0
2015-08-28 14:00:00,0.0
2015-08-28 16:00:00,0.0
2015-08-28 18:00:00,0.0
2015-08-28 20:00:00,0.0
2015-08-28 22:00:00,0.0
2015-08-29 00:00:00,0.0
2015-08-29 02:00:00,0.0
2015-08-29 04:00:00,0.0
2015-08-29 06:00:00,0.0
2015-08-29 08:00:00,0.0
2015-08-29 10:00:00,0.0
2015-08-29 12:00:00,0.0
2015-08-29 14:00:00,0.0
2015-08-29 16:00:00,0.0
2015-08-29 18:00:00,0.0
2015-08-29 20:00:00,0.0
2015-08-29 22:00:00,0.0
2015-09-15 00:00:00,0.0
2015-09-15 02:00:00,0.0
2015-09-15 04:00:00,0.0
2015-09-15 06:00:00,0.0
2015-09-15 08:00:00,0.0
2015-09-15 10:00:00,0.0
2015-09-15 12:00:00,0.0
2015-09-15 14:00:00,0.0
2015-09-15 16:00:00,0.0
2015-09-15 18:00:00,0.0
2015-09-15 20:00:00,0.0
2015-09-15 22:00:00,0.0
2015-09-16 00:00:00,0.0
2015-09-16 02:00:00,0.0
2015-09-16 04:00:00,0.0
2015-09-16 06:00:00,0.0
2015-09-16 08:00:00,0.0
2015-09-16 10:00:00,0.0
2015-09-16 12:00:00,0.0
2015-09-16 14:00:00,0.0
2015-09-16 16:00:00,0.0
2015-09-16 18:00:00,0.0
2015-09-16 20:00:00,0.0
2015-09-16 22:00:00,0.0
2015-09-17 00:00:00,0.0
2015-09-17 02:00:00,0.0
2015-09-17 04:00:00,0.0
2015-09-17 06:00:00,0.0
2015-09-17 08:00:00,0.0
2015-09-17 10:00:00,0.0
2015-09-17 12:00:00,0.0
2015-09-17 14:00:00,0.0
2015-09-17 16:00:00,0.0
2015-09-17 18:00:00,0.0
2015-09-17 20:00:00,0.0
2015-09-17 22:00:00,0.0
2015-09-18 00:00:00,0.0
2015-09-18 02:00:00,0.0
2015-09-18 04:00:00,0.0
2015-09-18 06:00:00,0.0
2015-09-18 08:00:00,0.0
2015-09-18 10:00:00,0.0
2015-09-18 12:00:00,0.0
2015-09-18 14:00:00,0.0
2015-09-18 16:00:00,0.0
2015-09-18 18:00:00,0.0
2015-09-18 20:00:00,0.0
2015-09-18 22:00:00,0.0
2015-10-05 00:00:00,0.0
2015-10-05 02:00:00,0.0
2015-10-05 04:00:00,0.0
2015-10-05 06:00:00,0.0
2015-10-05 08:00:00,0.0
2015-10-05 10:00:00,0.0
2015-10-05 12:00:00,0.0
2015-10-05 14:00:00,0.0
2015-10-05 16:00:00,0.0
2015-10-05 18:00:00,0.0
2015-10-05 20:00:00,0.0
2015-10-05 22:00:00,0.0
2015-10-06 00:00:00,0.0
2015-10-06 02:00:00,0.0
2015-10-06 04:00:00,0.0
2015-10-06 06:00:00,0.0
2015-10-06 08:00:00,0.0
2015-10-06 10:00:00,0.0
2015-10-06 12:00:00,0.0
2015-10-06 14:00:00,0.0
2015-10-06 16:00:00,0.0
2015-10-06 18:00:00,0.0
2015-10-06 20:00:00,0.0
2015-10-06 22:00:00,0.0
2015-10-07 00:00:00,0.0
2015-10-07 02:00:00,0.0
2015-10-07 04:00:00,0.0
2015-10-07 06:00:00,0.0
2015-10-07 08:00:00,0.0
2015-10-07 10:00:00,0.0
2015-10-07 12:00:00,0.0
2015-10-07 14:00:00,0.0
2015-10-07 16:00:00,0.0
2015-10-07 18:00:00,0.0
2015-10-07 20:00:00,0.0
2015-10-07 22:00:00,0.0
2015-10-08 00:00:00,0.0
2015-10-08 02:00:00,0.0
2015-10-08 04:00:00,0.0
2015-10-08 06:00:00,0.0
2015-10-08 08:00:00,0.0
2015-10-08 10:00:00,0.0
2015-10-08 12:00:00,0.0
2015-10-08 14:00:00,0.0
2015-10-08 16:00:00,0.0
2015-10-08 18:00:00,0.0
2015-10-08 20:00:00,0.0
2015-10-08 22:00:00,0.0
2015-10-25 00:00:00,0.0
2015-10-25 02:00:00,0.0
2015-10-25 04:00:00,0.0
2015-10-25 06:00:00,0.0
2015-10-25 08:00:00,0.0
2015-10-25 10:00:00,0.0
2015-10-25 12:00:00,0.0
2015-10-25 14:00:00,0.0
2015-10-25 16:00:00,0.0
2015-10-25 18:00:00,0.0
2015-10-25 20:00:00,0.0
2015-10-25 22:00:00,0.0
2015-10-26 00:00:00,0.0
2015-10-26 02:00:00,0.0
2015-10-26 04:00:00,0.0
2015-10-26 06:00:00,0.0
2015-10-26 08:00:00,0.0
2015-10-26 10:00:00,0.0
2015-10-26 12:00:00,0.0
2015-10-26 14:00:00,0.0
2015-10-26 16:00:00,0.0
2015-10-26 18:00:00,0.0
2015-10-26 20:00:00,0.0
2015-10-26 22:00:00,0.0
2015-10-27 00:00:00,0.0
2015-10-27 02:00:00,0.0
2015-10-27 04:00:00,0.0
2015-10-27 06:00:00,0.0
2015-10-27 08:00:00,0.0
2015-10-27 10:00:00,0.0
2015-10-27 12:00:00,0.0
2015-10-27 14:00:00,0.0
2015-10-27 16:00:00,0.0
2015-10-27 18:00:00,0.0
2015-10-27 20:00:00,0.0
2015-10-27 22:00:00,0.0
2015-10-28 00:00:00,0.0
2015-10-28 02:00:00,0.0
2015-10-28 04:00:00,0.0
2015-10-28 06:00:00,0.0
2015-10-28 08:00:00,0.0
2015-10-28 10:00:00,0.0
2015-10-28 12:00:00,0.0
2015-10-28 14:00:00,0.0
2015-10-28 16:00:00,0.0
2015-10-28 18:00:00,0.0
2015-10-28 20:00:00,0.0
2015-10-28 22:00:00,0.0
2015-11-14 00:00:00,0.0
2015-11-14 02:00:00,0.0
2015-11-14 04:00:00,0.0
2015-11-14 06:00:00,0.0
2015-11-14 08:00:00,0.0
2015-11-14 10:00:00,0.0
2015-11-14 12:00:00,0.0
2015-11-14 14:00:00,0.0
2015-11-14 16:00:00,0.0
2015-11-14 18:00:00,0.0
2015-11-14 20:00:00,0.0
2015-11-14 22:00:00,0.0
2015-11-15 00:00:00,0.0
2015-11-15 02:00:00,0.0
2015-11-15 04:00:00,0.0
2015-11-15 06:00:00,0.0
2015-11-15 08:00:00,0.0
2015-11-15 10:00:00,0.0
2015-11-15 12:00:00,0.0
2015-11-15 14:00:00,0.0
2015-11-15 16:00:00,0.0
2015-11-15 18:00:00,0.0
2015-11-15 20:00:00,0.0
2015-11-15 22:00:00,0.0
2015-11-16 00:00:00,0.0
2015-11-16 02:00:00,0.0
2015-11-16 04:00:00,0.0
2015-11-16 06:00:00,0.0
2015-11-16 08:00:00,0.0
2015-11-16 10:00:00,0.0
2015-11-16 12:00:00,0.0
2015-11-16 14:00:00,0.0
2015-11-16 16:00:00,0.0
2015-11-16 18:00:00,0.0
2015-11-16 20:00:00,0.0
2015-11-16 22:00:00,0.0
2015-11-17 00:00:00,0.0
2015-11-17 02:00:00,0.0
2015-11-17 04:00:00,0.0
2015-11-17 06:00:00,0.0
2015-11-17 08:00:00,0.0
2015-11-17 10:00:00,0.0
2015-11-17 12:00:00,0.0
2015-11-17 14:00:00,0.0
2015-11-17 16:00:00,0.0
2015-11-17 18:00:00,0.0
2015-11-17 20:00:00,0.0
2015-11-17 22:00:00,0.0
2015-12-04 00:00:00,0.0
2015-12-04 02:00:00,0.0
2015-12-04 04:00:00,0.0
2015-12-04 06:00:00,0.0
2015-12-04 08:00:00,0.0
2015-12-04 10:00:00,0.0
2015-12-04 12:00:00,0.0
2015-12-04 14:00:00,0.0
2015-12-04 16:00:00,0.0
2015-12-04 18:00:00,0.0
2015-12-04 20:00:00,0.0
2015-12-04 22:00:00,0.0
2015-12-05 00:00:00,0.0
2015-12-05 02:00:00,0.0
2015-12-05 04:00:00,0.0
2015-12-05 06:00:00,0.0
2015-12-05 08:00:00,0.0
2015-12-05 10:00:00,0.0
2015-12-05 12:00:00,0.0
2015-12-05 14:00:00,0.0
2015-12-05 16:00:00,0.0
2015-12-05 18:00:00,0.0
2015-12-05 20:00:00,0.0
2015-12-05 22:00:00,0.0
2015-12-06 00:00:00,0.0
2015-12-06 02:00:00,0.0
2015-12-06 04:00:00,0.0
2015-12-06 06:00:00,0.0
2015-12-06 08:00:00,0.0
2015-12-06 10:00:00,0.0
2015-12-06 12:00:00,0.0
2015-12-06 14:00:00,0.0
2015-12-06 16:00:00,0.0
2015-12-06 18:00:00,0.0
2015-12-06 20:00:00,0.0
2015-12-06 22:00:00,0.0
2015-12-07 00:00:00,0.0
2015-12-07 02:00:00,0.0
2015-12-07 04:00:00,0.0
2015-12-07 06:00:00,0.0
2015-12-07 08:00:00,0.0
2015-12-07 10:00:00,0.0
2015-12-07 12:00:00,0.0
2015-12-07 14:00:00,0.0
2015-12-07 16:00:00,0.0
2015-12-07 18:00:00,0.0
2015-12-07 20:00:00,0.0
2015-12-07 22:00:00,0.0
2015-12-23 00:00:00,0.0
2015-12-23 02:00:00,0.0
2015-12-23 04:00:00,0.0
2015-12-23 06:00:00,0.0
2015-12-23 08:00:00,0.0
2015-12-23 10:00:00,0.0
2015-12-23 12:00:00,0.0
2015-12-23 14:00:00,0.0
2015-12-23 16:00:00,0.0
2015-12-23 18:00:00,0.0
2015-12-23 20:00:00,0.0
2015-12-23 22:00:00,0.0
2015-12-24 00:00:00,0.0
2015-12-24 02:00:00,0.0
2015-12-24 04:00:00,0.0
2015-12-24 06:00:00,0.0
2015-12-24 08:00:00,0.0
2015-12-24 10:00:00,0.0
2015-12-24 12:00:00,0.0
2015-12-24 14:00:00,0.0
2015-12-24 16:00:00,0.0
2015-12-24 18:00:00,0.0
2015-12-24 20:00:00,0.0
2015-12-24 22:00:00,0.0
2015-12-25 00:00:00,0.0
2015-12-25 02:00:00,0.0
2015-12-25 04:00:00,0.0
2015-12-25 06:00:00,0.0
2015-12-25 08:00:00,0.0
2015-12-25 10:00:00,0.0
2015-12-25 12:00:00,0.0
2015-12-25 14:00:00,0.0
2015-12-25 16:00:00,0.0
2015-12-25 18:00:00,0.0
2015-12-25 20:00:00,0.0
2015-12-25 22:00:00,0.0
2015-12-26 00:00:00,0.0
2015-12-26 02:00:00,0.0
2015-12-26 04:00:00,0.0
2015-12-26 06:00:00,0.0
2015-12-26 08:00:00,0.0
2015-12-26 10:00:00,0.0
2015-12-26 12:00:00,0.0
2015-12-26 14:00:00,0.0
2015-12-26 16:00:00,0.0
2015-12-26 18:00:00,0.0
2015-12-26 20:00:00,0.0
2015-12-26 22:00:00,0.0
2015-12-27 00:00:00,0.0
2015-12-27 02:00:00,0.0
2015-12-27 04:00:00,0.0
2015-12-27 06:00:00,0.0
2015-12-27 08:00:00,0.0
2015-12-27 10:00:00,0.0
2015-12-27 12:00:00,0.0
2015-12-27 14:00:00,0.0
2015-12-27 16:00:00,0.0
2015-12-27 18:00:00,0.0
2015-12-27 20:00:00,0.0
2015-12-27 22:00:00,0.0
2015-12-28 00:00:00,0.0
2015-12-28 02:00:00,0.0
2015-12-28 04:00:00,0.0
2015-12-28 06:00:00,0.0
2015-12-28 08:00:00,0.0
2015-12-28 10:00:00,0.0
2015-12-28 12:00:00,0.0
2015-12-28 14:00:00,0.0
2015-12-28 16:00:00,0.0
2015-12-28 18:00:00,0.0
2015-12-28 20:00:00,0.0
2015-12-28 22:00:00,0.0
2015-12-29 00:00:00,0.0
2015-12-29 02:00:00,0.0
2015-12-29 04:00:00,0.0
2015-12-29 06:00:00,0.0
2015-12-29 08:00:00,0.0
2015-12-29 10:00:00,0.0
2015-12-29 12:00:00,0.0
2015-12-29 14:00:00,0.0
2015-12-29 16:00:00,0.0
2015-12-29 18:00:00,0.0
2015-12-29 20:00:00,0.0
2015-12-29 22:00:00,0.0
2015-12-30 00:00:00,0.0
2015-12-30 02:00:00,0.0
2015-12-30 04:00:00,0.0
2015-12-30 06:00:00,0.0
2015-12-30 08:00:00,0.0
2015-12-30 10:00:00,0.0
2015-12-30 12:00:00,0.0
2015-12-30 14:00:00,0.0
2015-12-30 16:00:00,0.0
2015-12-30 18:00:00,0.0
2015-12-30 20:00:00,0.0
2015-12-30 22:00:00,0.0
2015-12-31 00:00:00,0.0
2015-12-31 02:00:00,0.0
2015-12-31 04:00:00,0.0
2015-12-31 06:00:00,0.0
2015-12-31 08:00:00,0.0
2015-12-31 10:00:00,0.0
2015-12-31 12:00:00,0.0
2015-12-31 14:00:00,0.0
2015-12-31 16:00:00,0.0
2015-12-31 18:00:00,0.0
2015-12-31 20:00:00,0.0
2015-12-31 22:00:00,0.0
2016-01-01 00:00:00,0.0
2016-01-01 02:00:00,0.0
2016-01-01 04:00:00,0.0
2016-01-01 06:00:00,0.0
2016-01-01 08:00:00,0.0
2016-01-01 10:00:00,0.0
2016-01-01 12:00:00,0.0
2016-01-01 14:00:00,0.0
2016-01-01 16:00:00,0.0
2016-01-01 18:00:00,0.0
2016-01-01 20:00:00,0.0
2016-01-01 22:00:00,0.0
2016-01-02 00:00:00,0.0
2016-01-02 02:00:00,0.0
2016-01-02 04:00:00,0.0
2016-01-02 06:00:00,0.0
2016-01-02 08:00:00,0.0
2016-01-02 10:00:00,0.0
2016-01-02 12:00:00,0.0
2016-01-02 14:00:00,0.0
2016-01-02 16:00:00,0.0
2016-01-02 18:00:00,0.0
2016-01-02 20:00:00,0.0
2016-01-02 22:00:00,0.0
2016-01-03 00:00:00,0.0
2016-01-03 02:00:00,0.0
2016-01-03 04:00:00,0.0
2016-01-03 06:00:00,0.0
2016-01-03 08:00:00,0.0
2016-01-03 10:00:00,0.0
2016-01-03 12:00:00,0.0
2016-01-03 14:00:00,0.0
2016-01-03 16:00:00,0.0
2016-01-03 18:00:00,0.0
2016-01-03 20:00:00,0.0
2016-01-03 22:00:00,0.0
2016-01-04 00:00:00,0.0
2016-01-04 02:00:00,0.0
2016-01-04 04:00:00,0.0
2016-01-04 06:00:00,0.0
2016-01-04 08:00:00,0.0
2016-01-04 10:00:00,0.0
